"-1.24e-05","0.096"
"-1.239e-05","0.096"
"-1.238e-05","0.088"
"-1.237e-05","0.10400000000000001"
"-1.236e-05","0.096"
"-1.235e-05","0.096"
"-1.234e-05","0.088"
"-1.233e-05","0.096"
"-1.232e-05","0.10400000000000001"
"-1.2309999999999999e-05","0.096"
"-1.2299999999999999e-05","0.096"
"-1.229e-05","0.096"
"-1.228e-05","0.096"
"-1.227e-05","0.096"
"-1.226e-05","0.088"
"-1.225e-05","0.096"
"-1.224e-05","0.096"
"-1.223e-05","0.08"
"-1.222e-05","0.096"
"-1.221e-05","0.08"
"-1.22e-05","0.08"
"-1.219e-05","0.08"
"-1.218e-05","0.08"
"-1.217e-05","0.07200000000000001"
"-1.216e-05","0.07200000000000001"
"-1.215e-05","0.07200000000000001"
"-1.214e-05","0.064"
"-1.2129999999999999e-05","0.064"
"-1.212e-05","0.056"
"-1.211e-05","0.048"
"-1.21e-05","0.056"
"-1.209e-05","0.056"
"-1.208e-05","0.048"
"-1.207e-05","0.04"
"-1.206e-05","0.04"
"-1.205e-05","0.04"
"-1.204e-05","0.04"
"-1.203e-05","0.04"
"-1.202e-05","0.04"
"-1.201e-05","0.04"
"-1.2e-05","0.04"
"-1.199e-05","0.032"
"-1.198e-05","0.032"
"-1.197e-05","0.032"
"-1.196e-05","0.04"
"-1.1949999999999999e-05","0.04"
"-1.194e-05","0.032"
"-1.193e-05","0.032"
"-1.192e-05","0.04"
"-1.191e-05","0.032"
"-1.19e-05","0.032"
"-1.189e-05","0.032"
"-1.188e-05","0.032"
"-1.187e-05","0.04"
"-1.186e-05","0.032"
"-1.185e-05","0.032"
"-1.184e-05","0.032"
"-1.183e-05","0.032"
"-1.182e-05","0.024"
"-1.181e-05","0.032"
"-1.18e-05","0.032"
"-1.179e-05","0.024"
"-1.1779999999999999e-05","0.024"
"-1.1769999999999999e-05","0.008"
"-1.176e-05","0.008"
"-1.175e-05","0.0"
"-1.174e-05","0.008"
"-1.173e-05","0.008"
"-1.172e-05","0.0"
"-1.171e-05","-0.024"
"-1.17e-05","-0.016"
"-1.169e-05","-0.024"
"-1.168e-05","-0.04"
"-1.167e-05","-0.048"
"-1.166e-05","-0.056"
"-1.165e-05","-0.07200000000000001"
"-1.164e-05","-0.064"
"-1.163e-05","-0.08"
"-1.162e-05","-0.08"
"-1.1609999999999999e-05","-0.096"
"-1.16e-05","-0.096"
"-1.1589999999999999e-05","-0.096"
"-1.158e-05","-0.10400000000000001"
"-1.157e-05","-0.12"
"-1.156e-05","-0.128"
"-1.155e-05","-0.128"
"-1.154e-05","-0.128"
"-1.153e-05","-0.128"
"-1.152e-05","-0.136"
"-1.151e-05","-0.128"
"-1.15e-05","-0.128"
"-1.149e-05","-0.128"
"-1.148e-05","-0.14400000000000002"
"-1.147e-05","-0.136"
"-1.146e-05","-0.128"
"-1.145e-05","-0.12"
"-1.1439999999999999e-05","-0.128"
"-1.143e-05","-0.128"
"-1.1419999999999999e-05","-0.12"
"-1.141e-05","-0.112"
"-1.14e-05","-0.112"
"-1.139e-05","-0.112"
"-1.138e-05","-0.10400000000000001"
"-1.137e-05","-0.096"
"-1.136e-05","-0.088"
"-1.135e-05","-0.088"
"-1.134e-05","-0.088"
"-1.133e-05","-0.08"
"-1.132e-05","-0.08"
"-1.131e-05","-0.07200000000000001"
"-1.13e-05","-0.064"
"-1.129e-05","-0.056"
"-1.128e-05","-0.056"
"-1.127e-05","-0.048"
"-1.126e-05","-0.04"
"-1.1249999999999999e-05","-0.04"
"-1.1239999999999999e-05","-0.032"
"-1.123e-05","-0.024"
"-1.122e-05","-0.016"
"-1.121e-05","-0.016"
"-1.12e-05","0.0"
"-1.119e-05","-0.016"
"-1.118e-05","0.0"
"-1.117e-05","0.0"
"-1.116e-05","0.0"
"-1.115e-05","0.024"
"-1.114e-05","0.016"
"-1.113e-05","0.024"
"-1.112e-05","0.032"
"-1.111e-05","0.024"
"-1.11e-05","0.024"
"-1.109e-05","0.032"
"-1.1079999999999999e-05","0.032"
"-1.107e-05","0.04"
"-1.1059999999999999e-05","0.032"
"-1.105e-05","0.04"
"-1.104e-05","0.04"
"-1.103e-05","0.04"
"-1.102e-05","0.04"
"-1.101e-05","0.04"
"-1.1e-05","0.032"
"-1.099e-05","0.032"
"-1.098e-05","0.032"
"-1.097e-05","0.032"
"-1.096e-05","0.04"
"-1.095e-05","0.032"
"-1.094e-05","0.016"
"-1.093e-05","0.024"
"-1.092e-05","0.024"
"-1.0909999999999999e-05","0.024"
"-1.09e-05","0.016"
"-1.0889999999999999e-05","0.008"
"-1.088e-05","0.024"
"-1.087e-05","0.016"
"-1.086e-05","0.008"
"-1.085e-05","0.016"
"-1.084e-05","0.016"
"-1.083e-05","0.008"
"-1.082e-05","0.008"
"-1.081e-05","0.008"
"-1.08e-05","0.016"
"-1.079e-05","0.016"
"-1.078e-05","0.0"
"-1.077e-05","0.008"
"-1.076e-05","0.008"
"-1.075e-05","0.008"
"-1.074e-05","0.008"
"-1.073e-05","0.0"
"-1.0719999999999999e-05","-0.008"
"-1.0709999999999999e-05","0.0"
"-1.07e-05","0.0"
"-1.069e-05","-0.008"
"-1.068e-05","-0.008"
"-1.067e-05","-0.008"
"-1.066e-05","-0.008"
"-1.065e-05","-0.008"
"-1.064e-05","-0.008"
"-1.063e-05","-0.016"
"-1.062e-05","-0.016"
"-1.061e-05","-0.016"
"-1.06e-05","-0.016"
"-1.059e-05","-0.016"
"-1.058e-05","-0.024"
"-1.057e-05","-0.024"
"-1.056e-05","-0.032"
"-1.0549999999999999e-05","-0.032"
"-1.054e-05","-0.024"
"-1.0529999999999999e-05","-0.024"
"-1.052e-05","-0.016"
"-1.051e-05","-0.016"
"-1.05e-05","-0.016"
"-1.049e-05","-0.024"
"-1.048e-05","-0.008"
"-1.047e-05","-0.008"
"-1.046e-05","0.0"
"-1.045e-05","-0.008"
"-1.044e-05","0.0"
"-1.043e-05","0.008"
"-1.042e-05","0.024"
"-1.041e-05","0.024"
"-1.04e-05","0.032"
"-1.039e-05","0.032"
"-1.0379999999999999e-05","0.04"
"-1.037e-05","0.048"
"-1.0359999999999999e-05","0.048"
"-1.0350000000000001e-05","0.056"
"-1.034e-05","0.056"
"-1.033e-05","0.056"
"-1.032e-05","0.064"
"-1.031e-05","0.07200000000000001"
"-1.03e-05","0.07200000000000001"
"-1.029e-05","0.088"
"-1.028e-05","0.08"
"-1.027e-05","0.088"
"-1.026e-05","0.088"
"-1.025e-05","0.088"
"-1.024e-05","0.088"
"-1.023e-05","0.088"
"-1.022e-05","0.088"
"-1.0209999999999999e-05","0.096"
"-1.02e-05","0.088"
"-1.0189999999999999e-05","0.10400000000000001"
"-1.018e-05","0.096"
"-1.017e-05","0.096"
"-1.016e-05","0.096"
"-1.015e-05","0.10400000000000001"
"-1.014e-05","0.112"
"-1.013e-05","0.10400000000000001"
"-1.012e-05","0.10400000000000001"
"-1.011e-05","0.10400000000000001"
"-1.01e-05","0.10400000000000001"
"-1.009e-05","0.10400000000000001"
"-1.008e-05","0.10400000000000001"
"-1.007e-05","0.10400000000000001"
"-1.006e-05","0.096"
"-1.005e-05","0.10400000000000001"
"-1.004e-05","0.096"
"-1.003e-05","0.096"
"-1.0019999999999999e-05","0.096"
"-1.001e-05","0.096"
"-9.999999999999999e-06","0.088"
"-9.99e-06","0.088"
"-9.98e-06","0.088"
"-9.97e-06","0.088"
"-9.96e-06","0.08"
"-9.95e-06","0.088"
"-9.94e-06","0.088"
"-9.93e-06","0.088"
"-9.92e-06","0.08"
"-9.91e-06","0.096"
"-9.9e-06","0.088"
"-9.89e-06","0.088"
"-9.88e-06","0.10400000000000001"
"-9.87e-06","0.096"
"-9.86e-06","0.096"
"-9.849999999999999e-06","0.112"
"-9.84e-06","0.112"
"-9.829999999999999e-06","0.112"
"-9.820000000000001e-06","0.12"
"-9.81e-06","0.136"
"-9.8e-06","0.136"
"-9.79e-06","0.128"
"-9.78e-06","0.14400000000000002"
"-9.77e-06","0.152"
"-9.76e-06","0.152"
"-9.75e-06","0.16"
"-9.74e-06","0.152"
"-9.73e-06","0.14400000000000002"
"-9.72e-06","0.168"
"-9.71e-06","0.168"
"-9.7e-06","0.152"
"-9.69e-06","0.168"
"-9.679999999999999e-06","0.168"
"-9.67e-06","0.168"
"-9.659999999999999e-06","0.168"
"-9.65e-06","0.168"
"-9.64e-06","0.152"
"-9.63e-06","0.152"
"-9.62e-06","0.152"
"-9.61e-06","0.14400000000000002"
"-9.6e-06","0.14400000000000002"
"-9.59e-06","0.14400000000000002"
"-9.58e-06","0.136"
"-9.57e-06","0.128"
"-9.56e-06","0.12"
"-9.55e-06","0.112"
"-9.54e-06","0.10400000000000001"
"-9.53e-06","0.10400000000000001"
"-9.52e-06","0.096"
"-9.51e-06","0.088"
"-9.5e-06","0.07200000000000001"
"-9.489999999999999e-06","0.07200000000000001"
"-9.48e-06","0.07200000000000001"
"-9.469999999999999e-06","0.064"
"-9.46e-06","0.048"
"-9.45e-06","0.04"
"-9.44e-06","0.04"
"-9.43e-06","0.048"
"-9.42e-06","0.04"
"-9.41e-06","0.04"
"-9.4e-06","0.04"
"-9.39e-06","0.032"
"-9.38e-06","0.032"
"-9.37e-06","0.024"
"-9.36e-06","0.024"
"-9.35e-06","0.024"
"-9.34e-06","0.024"
"-9.33e-06","0.024"
"-9.319999999999999e-06","0.024"
"-9.31e-06","0.016"
"-9.299999999999999e-06","0.024"
"-9.29e-06","0.016"
"-9.28e-06","0.016"
"-9.27e-06","0.016"
"-9.26e-06","0.008"
"-9.25e-06","0.008"
"-9.24e-06","0.008"
"-9.23e-06","0.008"
"-9.22e-06","0.0"
"-9.21e-06","0.0"
"-9.2e-06","0.0"
"-9.19e-06","0.0"
"-9.18e-06","-0.008"
"-9.17e-06","-0.008"
"-9.16e-06","-0.008"
"-9.149999999999999e-06","-0.016"
"-9.14e-06","-0.016"
"-9.129999999999999e-06","-0.008"
"-9.12e-06","-0.016"
"-9.11e-06","-0.016"
"-9.1e-06","-0.016"
"-9.09e-06","-0.008"
"-9.08e-06","-0.016"
"-9.07e-06","-0.024"
"-9.06e-06","-0.008"
"-9.05e-06","-0.016"
"-9.04e-06","-0.008"
"-9.03e-06","0.0"
"-9.02e-06","0.0"
"-9.01e-06","0.008"
"-9e-06","0.016"
"-8.99e-06","0.016"
"-8.98e-06","0.024"
"-8.97e-06","0.032"
"-8.959999999999999e-06","0.04"
"-8.95e-06","0.04"
"-8.939999999999999e-06","0.056"
"-8.93e-06","0.056"
"-8.92e-06","0.07200000000000001"
"-8.91e-06","0.08"
"-8.9e-06","0.088"
"-8.89e-06","0.096"
"-8.88e-06","0.10400000000000001"
"-8.87e-06","0.12"
"-8.86e-06","0.136"
"-8.85e-06","0.12"
"-8.84e-06","0.136"
"-8.83e-06","0.16"
"-8.82e-06","0.176"
"-8.81e-06","0.184"
"-8.8e-06","0.176"
"-8.789999999999999e-06","0.184"
"-8.78e-06","0.2"
"-8.769999999999999e-06","0.216"
"-8.76e-06","0.216"
"-8.75e-06","0.216"
"-8.74e-06","0.20800000000000002"
"-8.73e-06","0.224"
"-8.72e-06","0.232"
"-8.71e-06","0.224"
"-8.7e-06","0.232"
"-8.69e-06","0.232"
"-8.68e-06","0.232"
"-8.67e-06","0.232"
"-8.66e-06","0.232"
"-8.65e-06","0.232"
"-8.64e-06","0.224"
"-8.63e-06","0.216"
"-8.619999999999999e-06","0.216"
"-8.61e-06","0.20800000000000002"
"-8.599999999999999e-06","0.20800000000000002"
"-8.59e-06","0.2"
"-8.58e-06","0.192"
"-8.570000000000001e-06","0.184"
"-8.56e-06","0.176"
"-8.55e-06","0.16"
"-8.54e-06","0.16"
"-8.53e-06","0.152"
"-8.52e-06","0.14400000000000002"
"-8.51e-06","0.12"
"-8.5e-06","0.12"
"-8.49e-06","0.12"
"-8.48e-06","0.10400000000000001"
"-8.469999999999999e-06","0.096"
"-8.46e-06","0.08"
"-8.449999999999999e-06","0.088"
"-8.44e-06","0.088"
"-8.429999999999999e-06","0.08"
"-8.42e-06","0.064"
"-8.409999999999999e-06","0.064"
"-8.400000000000001e-06","0.064"
"-8.39e-06","0.07200000000000001"
"-8.38e-06","0.056"
"-8.37e-06","0.056"
"-8.36e-06","0.048"
"-8.35e-06","0.048"
"-8.34e-06","0.04"
"-8.33e-06","0.04"
"-8.32e-06","0.04"
"-8.31e-06","0.04"
"-8.3e-06","0.032"
"-8.29e-06","0.04"
"-8.279999999999999e-06","0.032"
"-8.27e-06","0.032"
"-8.259999999999999e-06","0.032"
"-8.25e-06","0.024"
"-8.239999999999999e-06","0.024"
"-8.23e-06","0.016"
"-8.22e-06","0.008"
"-8.210000000000001e-06","0.016"
"-8.2e-06","0.016"
"-8.19e-06","0.008"
"-8.18e-06","0.0"
"-8.17e-06","-0.008"
"-8.16e-06","-0.008"
"-8.15e-06","-0.008"
"-8.14e-06","-0.008"
"-8.13e-06","-0.016"
"-8.12e-06","-0.016"
"-8.109999999999999e-06","-0.024"
"-8.1e-06","-0.016"
"-8.089999999999999e-06","-0.016"
"-8.08e-06","-0.024"
"-8.069999999999999e-06","-0.024"
"-8.06e-06","-0.024"
"-8.05e-06","-0.016"
"-8.040000000000001e-06","-0.016"
"-8.03e-06","-0.024"
"-8.02e-06","-0.016"
"-8.01e-06","-0.016"
"-8e-06","-0.008"
"-7.99e-06","0.0"
"-7.98e-06","0.008"
"-7.97e-06","0.008"
"-7.96e-06","0.016"
"-7.95e-06","0.016"
"-7.939999999999999e-06","0.024"
"-7.93e-06","0.024"
"-7.919999999999999e-06","0.032"
"-7.91e-06","0.032"
"-7.899999999999999e-06","0.032"
"-7.89e-06","0.04"
"-7.879999999999999e-06","0.04"
"-7.870000000000001e-06","0.048"
"-7.86e-06","0.04"
"-7.85e-06","0.048"
"-7.84e-06","0.056"
"-7.83e-06","0.048"
"-7.82e-06","0.056"
"-7.81e-06","0.048"
"-7.8e-06","0.048"
"-7.79e-06","0.056"
"-7.78e-06","0.056"
"-7.77e-06","0.064"
"-7.76e-06","0.048"
"-7.749999999999999e-06","0.056"
"-7.74e-06","0.064"
"-7.729999999999999e-06","0.056"
"-7.72e-06","0.056"
"-7.709999999999999e-06","0.056"
"-7.7e-06","0.064"
"-7.69e-06","0.056"
"-7.680000000000001e-06","0.056"
"-7.67e-06","0.07200000000000001"
"-7.66e-06","0.056"
"-7.65e-06","0.056"
"-7.64e-06","0.048"
"-7.63e-06","0.048"
"-7.62e-06","0.04"
"-7.61e-06","0.04"
"-7.6e-06","0.04"
"-7.59e-06","0.04"
"-7.5799999999999994e-06","0.04"
"-7.5699999999999995e-06","0.032"
"-7.56e-06","0.04"
"-7.55e-06","0.032"
"-7.54e-06","0.024"
"-7.53e-06","0.024"
"-7.52e-06","0.016"
"-7.51e-06","0.016"
"-7.499999999999999e-06","0.016"
"-7.4899999999999994e-06","0.024"
"-7.4799999999999995e-06","0.008"
"-7.47e-06","0.008"
"-7.46e-06","0.016"
"-7.45e-06","0.016"
"-7.44e-06","0.016"
"-7.43e-06","0.016"
"-7.42e-06","0.008"
"-7.409999999999999e-06","0.008"
"-7.3999999999999995e-06","0.016"
"-7.3899999999999995e-06","0.016"
"-7.38e-06","0.008"
"-7.37e-06","0.008"
"-7.36e-06","0.016"
"-7.35e-06","0.016"
"-7.34e-06","0.024"
"-7.33e-06","0.016"
"-7.319999999999999e-06","0.024"
"-7.3099999999999995e-06","0.016"
"-7.2999999999999996e-06","0.024"
"-7.29e-06","0.024"
"-7.28e-06","0.032"
"-7.27e-06","0.024"
"-7.26e-06","0.032"
"-7.25e-06","0.032"
"-7.24e-06","0.04"
"-7.229999999999999e-06","0.032"
"-7.2199999999999995e-06","0.04"
"-7.21e-06","0.04"
"-7.2e-06","0.04"
"-7.19e-06","0.04"
"-7.18e-06","0.048"
"-7.17e-06","0.04"
"-7.16e-06","0.04"
"-7.15e-06","0.04"
"-7.139999999999999e-06","0.048"
"-7.1299999999999995e-06","0.048"
"-7.12e-06","0.048"
"-7.11e-06","0.056"
"-7.1e-06","0.056"
"-7.09e-06","0.056"
"-7.08e-06","0.056"
"-7.07e-06","0.07200000000000001"
"-7.06e-06","0.07200000000000001"
"-7.049999999999999e-06","0.064"
"-7.0399999999999995e-06","0.064"
"-7.03e-06","0.07200000000000001"
"-7.02e-06","0.07200000000000001"
"-7.01e-06","0.07200000000000001"
"-7e-06","0.08"
"-6.99e-06","0.08"
"-6.98e-06","0.088"
"-6.969999999999999e-06","0.088"
"-6.9599999999999994e-06","0.096"
"-6.9499999999999995e-06","0.10400000000000001"
"-6.94e-06","0.112"
"-6.93e-06","0.112"
"-6.92e-06","0.128"
"-6.91e-06","0.128"
"-6.9e-06","0.14400000000000002"
"-6.89e-06","0.14400000000000002"
"-6.879999999999999e-06","0.16"
"-6.8699999999999994e-06","0.16"
"-6.8599999999999995e-06","0.176"
"-6.85e-06","0.184"
"-6.84e-06","0.2"
"-6.83e-06","0.216"
"-6.82e-06","0.20800000000000002"
"-6.81e-06","0.216"
"-6.8e-06","0.232"
"-6.789999999999999e-06","0.224"
"-6.7799999999999995e-06","0.232"
"-6.7699999999999996e-06","0.232"
"-6.76e-06","0.224"
"-6.75e-06","0.224"
"-6.74e-06","0.232"
"-6.73e-06","0.232"
"-6.72e-06","0.224"
"-6.71e-06","0.224"
"-6.699999999999999e-06","0.224"
"-6.6899999999999995e-06","0.216"
"-6.6799999999999996e-06","0.216"
"-6.67e-06","0.20800000000000002"
"-6.66e-06","0.20800000000000002"
"-6.65e-06","0.2"
"-6.64e-06","0.192"
"-6.63e-06","0.184"
"-6.62e-06","0.176"
"-6.609999999999999e-06","0.176"
"-6.5999999999999995e-06","0.168"
"-6.59e-06","0.168"
"-6.58e-06","0.16"
"-6.57e-06","0.152"
"-6.56e-06","0.16"
"-6.55e-06","0.152"
"-6.54e-06","0.14400000000000002"
"-6.53e-06","0.136"
"-6.519999999999999e-06","0.14400000000000002"
"-6.5099999999999995e-06","0.14400000000000002"
"-6.5e-06","0.136"
"-6.49e-06","0.128"
"-6.48e-06","0.12"
"-6.47e-06","0.136"
"-6.46e-06","0.136"
"-6.45e-06","0.128"
"-6.439999999999999e-06","0.128"
"-6.429999999999999e-06","0.136"
"-6.4199999999999995e-06","0.128"
"-6.41e-06","0.14400000000000002"
"-6.4e-06","0.128"
"-6.39e-06","0.136"
"-6.38e-06","0.136"
"-6.37e-06","0.128"
"-6.36e-06","0.136"
"-6.349999999999999e-06","0.136"
"-6.3399999999999994e-06","0.128"
"-6.3299999999999995e-06","0.136"
"-6.32e-06","0.128"
"-6.31e-06","0.12"
"-6.3e-06","0.12"
"-6.29e-06","0.12"
"-6.28e-06","0.12"
"-6.27e-06","0.112"
"-6.259999999999999e-06","0.12"
"-6.2499999999999995e-06","0.112"
"-6.2399999999999995e-06","0.10400000000000001"
"-6.23e-06","0.10400000000000001"
"-6.22e-06","0.112"
"-6.21e-06","0.112"
"-6.2e-06","0.096"
"-6.19e-06","0.112"
"-6.18e-06","0.112"
"-6.169999999999999e-06","0.112"
"-6.1599999999999995e-06","0.112"
"-6.1499999999999996e-06","0.112"
"-6.14e-06","0.12"
"-6.13e-06","0.12"
"-6.12e-06","0.112"
"-6.11e-06","0.128"
"-6.1e-06","0.128"
"-6.09e-06","0.128"
"-6.079999999999999e-06","0.128"
"-6.0699999999999995e-06","0.136"
"-6.06e-06","0.14400000000000002"
"-6.05e-06","0.14400000000000002"
"-6.04e-06","0.152"
"-6.03e-06","0.152"
"-6.02e-06","0.168"
"-6.01e-06","0.168"
"-6e-06","0.176"
"-5.989999999999999e-06","0.176"
"-5.9799999999999995e-06","0.176"
"-5.97e-06","0.192"
"-5.96e-06","0.184"
"-5.95e-06","0.192"
"-5.94e-06","0.192"
"-5.93e-06","0.2"
"-5.92e-06","0.20800000000000002"
"-5.909999999999999e-06","0.2"
"-5.899999999999999e-06","0.20800000000000002"
"-5.8899999999999995e-06","0.2"
"-5.88e-06","0.20800000000000002"
"-5.87e-06","0.20800000000000002"
"-5.86e-06","0.216"
"-5.85e-06","0.224"
"-5.84e-06","0.216"
"-5.83e-06","0.20800000000000002"
"-5.819999999999999e-06","0.20800000000000002"
"-5.8099999999999994e-06","0.216"
"-5.7999999999999995e-06","0.224"
"-5.79e-06","0.216"
"-5.78e-06","0.216"
"-5.77e-06","0.20800000000000002"
"-5.76e-06","0.216"
"-5.75e-06","0.224"
"-5.74e-06","0.20800000000000002"
"-5.729999999999999e-06","0.216"
"-5.7199999999999994e-06","0.224"
"-5.7099999999999995e-06","0.20800000000000002"
"-5.7e-06","0.20800000000000002"
"-5.69e-06","0.216"
"-5.68e-06","0.216"
"-5.67e-06","0.20800000000000002"
"-5.66e-06","0.20800000000000002"
"-5.65e-06","0.216"
"-5.639999999999999e-06","0.2"
"-5.6299999999999995e-06","0.20800000000000002"
"-5.6199999999999996e-06","0.20800000000000002"
"-5.61e-06","0.20800000000000002"
"-5.6e-06","0.20800000000000002"
"-5.59e-06","0.2"
"-5.58e-06","0.192"
"-5.57e-06","0.2"
"-5.56e-06","0.2"
"-5.549999999999999e-06","0.192"
"-5.5399999999999995e-06","0.184"
"-5.5299999999999996e-06","0.184"
"-5.52e-06","0.192"
"-5.51e-06","0.184"
"-5.5e-06","0.168"
"-5.49e-06","0.176"
"-5.48e-06","0.176"
"-5.469999999999999e-06","0.168"
"-5.459999999999999e-06","0.168"
"-5.4499999999999995e-06","0.168"
"-5.44e-06","0.168"
"-5.43e-06","0.152"
"-5.42e-06","0.152"
"-5.41e-06","0.14400000000000002"
"-5.4e-06","0.14400000000000002"
"-5.39e-06","0.136"
"-5.379999999999999e-06","0.136"
"-5.369999999999999e-06","0.128"
"-5.3599999999999995e-06","0.128"
"-5.35e-06","0.12"
"-5.34e-06","0.128"
"-5.33e-06","0.12"
"-5.32e-06","0.12"
"-5.31e-06","0.12"
"-5.3e-06","0.112"
"-5.289999999999999e-06","0.12"
"-5.279999999999999e-06","0.112"
"-5.2699999999999995e-06","0.112"
"-5.26e-06","0.12"
"-5.25e-06","0.12"
"-5.24e-06","0.12"
"-5.23e-06","0.12"
"-5.22e-06","0.12"
"-5.21e-06","0.12"
"-5.199999999999999e-06","0.12"
"-5.1899999999999994e-06","0.12"
"-5.1799999999999995e-06","0.12"
"-5.17e-06","0.12"
"-5.16e-06","0.12"
"-5.15e-06","0.12"
"-5.14e-06","0.12"
"-5.13e-06","0.12"
"-5.12e-06","0.12"
"-5.109999999999999e-06","0.12"
"-5.0999999999999995e-06","0.12"
"-5.0899999999999995e-06","0.12"
"-5.08e-06","0.12"
"-5.07e-06","0.12"
"-5.06e-06","0.12"
"-5.05e-06","0.12"
"-5.04e-06","0.112"
"-5.03e-06","0.112"
"-5.019999999999999e-06","0.12"
"-5.0099999999999995e-06","0.112"
"-4.9999999999999996e-06","0.12"
"-4.99e-06","0.12"
"-4.98e-06","0.12"
"-4.97e-06","0.12"
"-4.96e-06","0.12"
"-4.95e-06","0.12"
"-4.939999999999999e-06","0.128"
"-4.929999999999999e-06","0.128"
"-4.9199999999999995e-06","0.12"
"-4.91e-06","0.128"
"-4.9e-06","0.128"
"-4.89e-06","0.12"
"-4.88e-06","0.12"
"-4.87e-06","0.136"
"-4.86e-06","0.136"
"-4.849999999999999e-06","0.14400000000000002"
"-4.839999999999999e-06","0.128"
"-4.8299999999999995e-06","0.136"
"-4.82e-06","0.14400000000000002"
"-4.81e-06","0.14400000000000002"
"-4.8e-06","0.14400000000000002"
"-4.79e-06","0.14400000000000002"
"-4.78e-06","0.14400000000000002"
"-4.77e-06","0.152"
"-4.76e-06","0.16"
"-4.75e-06","0.152"
"-4.74e-06","0.168"
"-4.7300000000000005e-06","0.168"
"-4.719999999999999e-06","0.168"
"-4.709999999999999e-06","0.176"
"-4.699999999999999e-06","0.176"
"-4.689999999999999e-06","0.176"
"-4.679999999999999e-06","0.176"
"-4.669999999999999e-06","0.176"
"-4.6599999999999994e-06","0.184"
"-4.6499999999999995e-06","0.176"
"-4.64e-06","0.176"
"-4.63e-06","0.176"
"-4.62e-06","0.184"
"-4.61e-06","0.184"
"-4.6e-06","0.16"
"-4.59e-06","0.168"
"-4.58e-06","0.168"
"-4.57e-06","0.16"
"-4.56e-06","0.152"
"-4.5500000000000005e-06","0.136"
"-4.539999999999999e-06","0.14400000000000002"
"-4.529999999999999e-06","0.136"
"-4.519999999999999e-06","0.128"
"-4.509999999999999e-06","0.112"
"-4.499999999999999e-06","0.10400000000000001"
"-4.489999999999999e-06","0.10400000000000001"
"-4.4799999999999995e-06","0.10400000000000001"
"-4.4699999999999996e-06","0.096"
"-4.46e-06","0.096"
"-4.45e-06","0.088"
"-4.44e-06","0.08"
"-4.43e-06","0.088"
"-4.42e-06","0.088"
"-4.41e-06","0.08"
"-4.4e-06","0.08"
"-4.39e-06","0.08"
"-4.38e-06","0.088"
"-4.3700000000000005e-06","0.096"
"-4.359999999999999e-06","0.088"
"-4.349999999999999e-06","0.096"
"-4.339999999999999e-06","0.096"
"-4.329999999999999e-06","0.10400000000000001"
"-4.319999999999999e-06","0.096"
"-4.309999999999999e-06","0.112"
"-4.2999999999999995e-06","0.12"
"-4.29e-06","0.12"
"-4.28e-06","0.128"
"-4.27e-06","0.12"
"-4.26e-06","0.128"
"-4.25e-06","0.136"
"-4.24e-06","0.14400000000000002"
"-4.23e-06","0.14400000000000002"
"-4.22e-06","0.14400000000000002"
"-4.21e-06","0.16"
"-4.2000000000000004e-06","0.16"
"-4.189999999999999e-06","0.152"
"-4.179999999999999e-06","0.168"
"-4.169999999999999e-06","0.176"
"-4.159999999999999e-06","0.176"
"-4.149999999999999e-06","0.176"
"-4.139999999999999e-06","0.184"
"-4.129999999999999e-06","0.184"
"-4.1199999999999995e-06","0.192"
"-4.11e-06","0.2"
"-4.1e-06","0.2"
"-4.09e-06","0.20800000000000002"
"-4.08e-06","0.20800000000000002"
"-4.07e-06","0.216"
"-4.06e-06","0.20800000000000002"
"-4.05e-06","0.216"
"-4.04e-06","0.224"
"-4.03e-06","0.232"
"-4.0200000000000005e-06","0.224"
"-4.009999999999999e-06","0.232"
"-3.999999999999999e-06","0.224"
"-3.989999999999999e-06","0.232"
"-3.979999999999999e-06","0.224"
"-3.969999999999999e-06","0.232"
"-3.959999999999999e-06","0.224"
"-3.9499999999999995e-06","0.224"
"-3.9399999999999995e-06","0.232"
"-3.93e-06","0.224"
"-3.92e-06","0.224"
"-3.91e-06","0.216"
"-3.9e-06","0.20800000000000002"
"-3.89e-06","0.20800000000000002"
"-3.88e-06","0.20800000000000002"
"-3.87e-06","0.20800000000000002"
"-3.86e-06","0.20800000000000002"
"-3.85e-06","0.192"
"-3.8400000000000005e-06","0.192"
"-3.829999999999999e-06","0.2"
"-3.819999999999999e-06","0.192"
"-3.809999999999999e-06","0.192"
"-3.799999999999999e-06","0.176"
"-3.7899999999999993e-06","0.176"
"-3.7799999999999994e-06","0.184"
"-3.7699999999999995e-06","0.176"
"-3.7599999999999996e-06","0.16"
"-3.7499999999999997e-06","0.168"
"-3.7399999999999998e-06","0.16"
"-3.73e-06","0.152"
"-3.72e-06","0.152"
"-3.71e-06","0.152"
"-3.7e-06","0.136"
"-3.6900000000000002e-06","0.14400000000000002"
"-3.6800000000000003e-06","0.14400000000000002"
"-3.6700000000000004e-06","0.136"
"-3.659999999999999e-06","0.136"
"-3.649999999999999e-06","0.128"
"-3.639999999999999e-06","0.128"
"-3.629999999999999e-06","0.12"
"-3.6199999999999992e-06","0.12"
"-3.6099999999999993e-06","0.128"
"-3.5999999999999994e-06","0.12"
"-3.5899999999999995e-06","0.12"
"-3.5799999999999996e-06","0.12"
"-3.5699999999999997e-06","0.12"
"-3.56e-06","0.10400000000000001"
"-3.55e-06","0.10400000000000001"
"-3.54e-06","0.112"
"-3.53e-06","0.10400000000000001"
"-3.52e-06","0.10400000000000001"
"-3.5100000000000003e-06","0.096"
"-3.5000000000000004e-06","0.10400000000000001"
"-3.4900000000000005e-06","0.10400000000000001"
"-3.479999999999999e-06","0.10400000000000001"
"-3.469999999999999e-06","0.096"
"-3.459999999999999e-06","0.096"
"-3.449999999999999e-06","0.096"
"-3.4399999999999993e-06","0.096"
"-3.4299999999999993e-06","0.096"
"-3.4199999999999994e-06","0.096"
"-3.4099999999999995e-06","0.088"
"-3.3999999999999996e-06","0.096"
"-3.3899999999999997e-06","0.096"
"-3.38e-06","0.10400000000000001"
"-3.37e-06","0.088"
"-3.36e-06","0.096"
"-3.35e-06","0.088"
"-3.34e-06","0.096"
"-3.3300000000000003e-06","0.096"
"-3.3200000000000004e-06","0.096"
"-3.3100000000000005e-06","0.096"
"-3.299999999999999e-06","0.10400000000000001"
"-3.289999999999999e-06","0.112"
"-3.279999999999999e-06","0.10400000000000001"
"-3.269999999999999e-06","0.096"
"-3.2599999999999993e-06","0.112"
"-3.2499999999999994e-06","0.10400000000000001"
"-3.2399999999999995e-06","0.112"
"-3.2299999999999996e-06","0.112"
"-3.2199999999999997e-06","0.112"
"-3.2099999999999998e-06","0.12"
"-3.2e-06","0.12"
"-3.19e-06","0.12"
"-3.18e-06","0.112"
"-3.17e-06","0.12"
"-3.1600000000000002e-06","0.12"
"-3.1500000000000003e-06","0.12"
"-3.1400000000000004e-06","0.12"
"-3.129999999999999e-06","0.12"
"-3.119999999999999e-06","0.12"
"-3.109999999999999e-06","0.112"
"-3.099999999999999e-06","0.12"
"-3.0899999999999992e-06","0.12"
"-3.0799999999999993e-06","0.12"
"-3.0699999999999994e-06","0.112"
"-3.0599999999999995e-06","0.12"
"-3.0499999999999996e-06","0.112"
"-3.0399999999999997e-06","0.112"
"-3.03e-06","0.12"
"-3.02e-06","0.12"
"-3.01e-06","0.12"
"-3e-06","0.12"
"-2.99e-06","0.12"
"-2.9800000000000003e-06","0.12"
"-2.9700000000000004e-06","0.12"
"-2.9600000000000005e-06","0.12"
"-2.949999999999999e-06","0.12"
"-2.939999999999999e-06","0.12"
"-2.929999999999999e-06","0.12"
"-2.919999999999999e-06","0.128"
"-2.9099999999999992e-06","0.12"
"-2.8999999999999993e-06","0.128"
"-2.8899999999999994e-06","0.128"
"-2.8799999999999995e-06","0.128"
"-2.8699999999999996e-06","0.136"
"-2.8599999999999997e-06","0.112"
"-2.85e-06","0.12"
"-2.84e-06","0.12"
"-2.83e-06","0.128"
"-2.82e-06","0.12"
"-2.81e-06","0.112"
"-2.8000000000000003e-06","0.12"
"-2.7900000000000004e-06","0.12"
"-2.7800000000000005e-06","0.12"
"-2.769999999999999e-06","0.10400000000000001"
"-2.759999999999999e-06","0.12"
"-2.749999999999999e-06","0.12"
"-2.739999999999999e-06","0.12"
"-2.7299999999999993e-06","0.12"
"-2.7199999999999994e-06","0.12"
"-2.7099999999999995e-06","0.12"
"-2.6999999999999996e-06","0.12"
"-2.6899999999999997e-06","0.12"
"-2.6799999999999998e-06","0.12"
"-2.67e-06","0.12"
"-2.66e-06","0.128"
"-2.65e-06","0.128"
"-2.64e-06","0.136"
"-2.6300000000000002e-06","0.14400000000000002"
"-2.6200000000000003e-06","0.152"
"-2.6100000000000004e-06","0.14400000000000002"
"-2.599999999999999e-06","0.152"
"-2.589999999999999e-06","0.152"
"-2.579999999999999e-06","0.16"
"-2.569999999999999e-06","0.152"
"-2.559999999999999e-06","0.168"
"-2.5499999999999993e-06","0.16"
"-2.5399999999999994e-06","0.176"
"-2.5299999999999995e-06","0.168"
"-2.5199999999999996e-06","0.176"
"-2.5099999999999997e-06","0.176"
"-2.4999999999999998e-06","0.192"
"-2.49e-06","0.184"
"-2.48e-06","0.176"
"-2.47e-06","0.192"
"-2.46e-06","0.192"
"-2.4500000000000003e-06","0.192"
"-2.4400000000000004e-06","0.184"
"-2.4300000000000005e-06","0.192"
"-2.419999999999999e-06","0.2"
"-2.409999999999999e-06","0.192"
"-2.399999999999999e-06","0.2"
"-2.389999999999999e-06","0.192"
"-2.3799999999999992e-06","0.184"
"-2.3699999999999993e-06","0.192"
"-2.3599999999999994e-06","0.192"
"-2.3499999999999995e-06","0.192"
"-2.3399999999999996e-06","0.192"
"-2.3299999999999997e-06","0.184"
"-2.32e-06","0.184"
"-2.31e-06","0.184"
"-2.3e-06","0.184"
"-2.29e-06","0.184"
"-2.28e-06","0.184"
"-2.2700000000000003e-06","0.192"
"-2.2600000000000004e-06","0.192"
"-2.2500000000000005e-06","0.192"
"-2.239999999999999e-06","0.192"
"-2.229999999999999e-06","0.192"
"-2.219999999999999e-06","0.192"
"-2.209999999999999e-06","0.192"
"-2.1999999999999993e-06","0.184"
"-2.1899999999999994e-06","0.184"
"-2.1799999999999995e-06","0.192"
"-2.1699999999999996e-06","0.184"
"-2.1599999999999996e-06","0.192"
"-2.1499999999999997e-06","0.184"
"-2.14e-06","0.192"
"-2.13e-06","0.184"
"-2.12e-06","0.184"
"-2.11e-06","0.184"
"-2.1000000000000002e-06","0.176"
"-2.0900000000000003e-06","0.176"
"-2.0800000000000004e-06","0.176"
"-2.069999999999999e-06","0.168"
"-2.059999999999999e-06","0.168"
"-2.049999999999999e-06","0.16"
"-2.039999999999999e-06","0.152"
"-2.029999999999999e-06","0.152"
"-2.0199999999999993e-06","0.14400000000000002"
"-2.0099999999999994e-06","0.14400000000000002"
"-1.9999999999999995e-06","0.136"
"-1.9899999999999996e-06","0.128"
"-1.9799999999999997e-06","0.136"
"-1.9699999999999998e-06","0.128"
"-1.96e-06","0.12"
"-1.95e-06","0.12"
"-1.94e-06","0.10400000000000001"
"-1.93e-06","0.10400000000000001"
"-1.9200000000000003e-06","0.096"
"-1.9100000000000003e-06","0.088"
"-1.9000000000000004e-06","0.096"
"-1.8899999999999988e-06","0.096"
"-1.879999999999999e-06","0.088"
"-1.869999999999999e-06","0.08"
"-1.8599999999999991e-06","0.08"
"-1.8499999999999992e-06","0.07200000000000001"
"-1.8399999999999993e-06","0.08"
"-1.8299999999999994e-06","0.07200000000000001"
"-1.8199999999999995e-06","0.07200000000000001"
"-1.8099999999999996e-06","0.07200000000000001"
"-1.7999999999999997e-06","0.07200000000000001"
"-1.7899999999999998e-06","0.08"
"-1.78e-06","0.07200000000000001"
"-1.77e-06","0.07200000000000001"
"-1.76e-06","0.08"
"-1.7500000000000002e-06","0.07200000000000001"
"-1.7400000000000003e-06","0.07200000000000001"
"-1.7300000000000004e-06","0.07200000000000001"
"-1.7200000000000005e-06","0.07200000000000001"
"-1.7099999999999989e-06","0.064"
"-1.699999999999999e-06","0.064"
"-1.689999999999999e-06","0.064"
"-1.6799999999999992e-06","0.056"
"-1.6699999999999993e-06","0.064"
"-1.6599999999999994e-06","0.064"
"-1.6499999999999994e-06","0.056"
"-1.6399999999999995e-06","0.048"
"-1.6299999999999996e-06","0.04"
"-1.6199999999999997e-06","0.04"
"-1.6099999999999998e-06","0.048"
"-1.6e-06","0.04"
"-1.59e-06","0.04"
"-1.5800000000000001e-06","0.024"
"-1.5700000000000002e-06","0.032"
"-1.5600000000000003e-06","0.032"
"-1.5500000000000004e-06","0.024"
"-1.5399999999999988e-06","0.016"
"-1.529999999999999e-06","0.016"
"-1.519999999999999e-06","0.032"
"-1.509999999999999e-06","0.032"
"-1.4999999999999992e-06","0.032"
"-1.4899999999999993e-06","0.032"
"-1.4799999999999994e-06","0.04"
"-1.4699999999999995e-06","0.032"
"-1.4599999999999996e-06","0.04"
"-1.4499999999999997e-06","0.04"
"-1.4399999999999998e-06","0.04"
"-1.4299999999999999e-06","0.048"
"-1.42e-06","0.056"
"-1.41e-06","0.056"
"-1.4000000000000001e-06","0.064"
"-1.3900000000000002e-06","0.064"
"-1.3800000000000003e-06","0.07200000000000001"
"-1.3700000000000004e-06","0.07200000000000001"
"-1.3599999999999988e-06","0.08"
"-1.349999999999999e-06","0.08"
"-1.339999999999999e-06","0.088"
"-1.3299999999999991e-06","0.096"
"-1.3199999999999992e-06","0.096"
"-1.3099999999999993e-06","0.10400000000000001"
"-1.2999999999999994e-06","0.10400000000000001"
"-1.2899999999999995e-06","0.096"
"-1.2799999999999996e-06","0.10400000000000001"
"-1.2699999999999997e-06","0.10400000000000001"
"-1.2599999999999998e-06","0.10400000000000001"
"-1.2499999999999999e-06","0.096"
"-1.24e-06","0.10400000000000001"
"-1.23e-06","0.10400000000000001"
"-1.2200000000000002e-06","0.10400000000000001"
"-1.2100000000000003e-06","0.112"
"-1.2000000000000004e-06","0.096"
"-1.1900000000000005e-06","0.112"
"-1.1799999999999989e-06","0.096"
"-1.169999999999999e-06","0.10400000000000001"
"-1.159999999999999e-06","0.10400000000000001"
"-1.1499999999999992e-06","0.096"
"-1.1399999999999992e-06","0.096"
"-1.1299999999999993e-06","0.096"
"-1.1199999999999994e-06","0.088"
"-1.1099999999999995e-06","0.088"
"-1.0999999999999996e-06","0.088"
"-1.0899999999999997e-06","0.08"
"-1.0799999999999998e-06","0.07200000000000001"
"-1.07e-06","0.07200000000000001"
"-1.06e-06","0.07200000000000001"
"-1.0500000000000001e-06","0.07200000000000001"
"-1.0400000000000002e-06","0.07200000000000001"
"-1.0300000000000003e-06","0.064"
"-1.0200000000000004e-06","0.064"
"-1.0099999999999988e-06","0.07200000000000001"
"-9.99999999999999e-07","0.07200000000000001"
"-9.89999999999999e-07","0.064"
"-9.79999999999999e-07","0.07200000000000001"
"-9.699999999999992e-07","0.07200000000000001"
"-9.599999999999993e-07","0.064"
"-9.499999999999994e-07","0.07200000000000001"
"-9.399999999999995e-07","0.064"
"-9.299999999999996e-07","0.064"
"-9.199999999999997e-07","0.07200000000000001"
"-9.099999999999998e-07","0.08"
"-8.999999999999999e-07","0.088"
"-8.9e-07","0.08"
"-8.8e-07","0.08"
"-8.700000000000001e-07","0.08"
"-8.600000000000002e-07","0.088"
"-8.500000000000003e-07","0.10400000000000001"
"-8.400000000000004e-07","0.10400000000000001"
"-8.299999999999988e-07","0.096"
"-8.199999999999989e-07","0.096"
"-8.09999999999999e-07","0.112"
"-7.999999999999991e-07","0.112"
"-7.899999999999992e-07","0.10400000000000001"
"-7.799999999999993e-07","0.10400000000000001"
"-7.699999999999994e-07","0.12"
"-7.599999999999995e-07","0.112"
"-7.499999999999996e-07","0.112"
"-7.399999999999997e-07","0.12"
"-7.299999999999998e-07","0.112"
"-7.199999999999999e-07","0.112"
"-7.1e-07","0.112"
"-7.000000000000001e-07","0.12"
"-6.900000000000002e-07","0.12"
"-6.800000000000003e-07","0.12"
"-6.700000000000004e-07","0.112"
"-6.600000000000005e-07","0.12"
"-6.499999999999989e-07","0.12"
"-6.39999999999999e-07","0.12"
"-6.29999999999999e-07","0.12"
"-6.199999999999991e-07","0.10400000000000001"
"-6.099999999999992e-07","0.112"
"-5.999999999999993e-07","0.12"
"-5.899999999999994e-07","0.112"
"-5.799999999999995e-07","0.112"
"-5.699999999999996e-07","0.12"
"-5.599999999999997e-07","0.112"
"-5.499999999999998e-07","0.10400000000000001"
"-5.399999999999999e-07","0.10400000000000001"
"-5.3e-07","0.112"
"-5.200000000000001e-07","0.12"
"-5.100000000000002e-07","0.12"
"-5.000000000000003e-07","0.112"
"-4.900000000000004e-07","0.112"
"-4.799999999999988e-07","0.112"
"-4.699999999999989e-07","0.112"
"-4.59999999999999e-07","0.112"
"-4.499999999999991e-07","0.10400000000000001"
"-4.399999999999992e-07","0.112"
"-4.2999999999999927e-07","0.112"
"-4.1999999999999937e-07","0.10400000000000001"
"-4.0999999999999946e-07","0.10400000000000001"
"-3.9999999999999956e-07","0.096"
"-3.8999999999999965e-07","0.10400000000000001"
"-3.7999999999999975e-07","0.112"
"-3.6999999999999985e-07","0.10400000000000001"
"-3.5999999999999994e-07","0.10400000000000001"
"-3.5000000000000004e-07","0.10400000000000001"
"-3.4000000000000013e-07","0.112"
"-3.3000000000000023e-07","0.10400000000000001"
"-3.200000000000003e-07","0.112"
"-3.100000000000004e-07","0.10400000000000001"
"-2.999999999999988e-07","0.096"
"-2.899999999999989e-07","0.112"
"-2.79999999999999e-07","0.112"
"-2.699999999999991e-07","0.112"
"-2.599999999999992e-07","0.12"
"-2.499999999999993e-07","0.112"
"-2.399999999999994e-07","0.136"
"-2.299999999999995e-07","0.128"
"-2.199999999999996e-07","0.136"
"-2.0999999999999968e-07","0.136"
"-1.9999999999999978e-07","0.136"
"-1.8999999999999987e-07","0.152"
"-1.7999999999999997e-07","0.152"
"-1.7000000000000007e-07","0.16"
"-1.6000000000000016e-07","0.16"
"-1.5000000000000026e-07","0.168"
"-1.4000000000000035e-07","0.176"
"-1.3000000000000045e-07","0.176"
"-1.1999999999999885e-07","0.184"
"-1.0999999999999895e-07","0.184"
"-9.999999999999904e-08","0.184"
"-8.999999999999914e-08","0.2"
"-7.999999999999923e-08","0.2"
"-6.999999999999933e-08","0.2"
"-5.999999999999943e-08","0.216"
"-4.999999999999952e-08","0.216"
"-3.999999999999962e-08","0.224"
"-2.999999999999971e-08","0.216"
"-1.999999999999981e-08","0.224"
"-9.999999999999904e-09","0.24"
"0.0","0.232"
"9.999999999999904e-09","0.24"
"1.999999999999981e-08","0.248"
"2.999999999999971e-08","0.256"
"3.999999999999962e-08","0.256"
"5.0000000000001215e-08","0.256"
"6.000000000000112e-08","0.256"
"7.000000000000102e-08","0.256"
"8.000000000000093e-08","0.272"
"9.000000000000083e-08","0.28"
"1.0000000000000074e-07","0.28"
"1.1000000000000064e-07","0.264"
"1.2000000000000055e-07","0.264"
"1.3000000000000045e-07","0.28"
"1.4000000000000035e-07","0.28800000000000003"
"1.5000000000000026e-07","0.28800000000000003"
"1.6000000000000016e-07","0.28"
"1.7000000000000007e-07","0.28"
"1.7999999999999997e-07","0.296"
"1.8999999999999987e-07","0.28800000000000003"
"1.9999999999999978e-07","0.28800000000000003"
"2.0999999999999968e-07","0.28800000000000003"
"2.199999999999996e-07","0.28800000000000003"
"2.3000000000000119e-07","0.28800000000000003"
"2.400000000000011e-07","0.28800000000000003"
"2.50000000000001e-07","0.272"
"2.600000000000009e-07","0.264"
"2.700000000000008e-07","0.256"
"2.800000000000007e-07","0.264"
"2.900000000000006e-07","0.248"
"3.000000000000005e-07","0.256"
"3.100000000000004e-07","0.232"
"3.200000000000003e-07","0.232"
"3.3000000000000023e-07","0.224"
"3.4000000000000013e-07","0.216"
"3.5000000000000004e-07","0.2"
"3.5999999999999994e-07","0.192"
"3.6999999999999985e-07","0.184"
"3.7999999999999975e-07","0.168"
"3.8999999999999965e-07","0.16"
"3.9999999999999956e-07","0.136"
"4.1000000000000116e-07","0.136"
"4.2000000000000106e-07","0.128"
"4.3000000000000097e-07","0.12"
"4.4000000000000087e-07","0.10400000000000001"
"4.500000000000008e-07","0.096"
"4.600000000000007e-07","0.088"
"4.700000000000006e-07","0.08"
"4.800000000000005e-07","0.08"
"4.900000000000004e-07","0.07200000000000001"
"5.000000000000003e-07","0.07200000000000001"
"5.100000000000002e-07","0.056"
"5.200000000000001e-07","0.056"
"5.3e-07","0.056"
"5.399999999999999e-07","0.048"
"5.499999999999998e-07","0.048"
"5.599999999999997e-07","0.048"
"5.699999999999996e-07","0.04"
"5.800000000000012e-07","0.04"
"5.900000000000011e-07","0.04"
"6.00000000000001e-07","0.04"
"6.100000000000009e-07","0.04"
"6.200000000000008e-07","0.048"
"6.300000000000007e-07","0.04"
"6.400000000000006e-07","0.048"
"6.500000000000006e-07","0.048"
"6.600000000000005e-07","0.056"
"6.700000000000004e-07","0.064"
"6.800000000000003e-07","0.056"
"6.900000000000002e-07","0.056"
"7.000000000000001e-07","0.056"
"7.1e-07","0.064"
"7.199999999999999e-07","0.064"
"7.299999999999998e-07","0.07200000000000001"
"7.399999999999997e-07","0.07200000000000001"
"7.499999999999996e-07","0.07200000000000001"
"7.600000000000012e-07","0.08"
"7.700000000000011e-07","0.08"
"7.80000000000001e-07","0.08"
"7.900000000000009e-07","0.08"
"8.000000000000008e-07","0.088"
"8.100000000000007e-07","0.088"
"8.200000000000006e-07","0.088"
"8.300000000000005e-07","0.088"
"8.400000000000004e-07","0.088"
"8.500000000000003e-07","0.088"
"8.600000000000002e-07","0.096"
"8.700000000000001e-07","0.088"
"8.8e-07","0.096"
"8.9e-07","0.10400000000000001"
"8.999999999999999e-07","0.096"
"9.099999999999998e-07","0.10400000000000001"
"9.199999999999997e-07","0.112"
"9.300000000000013e-07","0.112"
"9.400000000000012e-07","0.112"
"9.500000000000011e-07","0.112"
"9.60000000000001e-07","0.112"
"9.700000000000009e-07","0.112"
"9.800000000000008e-07","0.12"
"9.900000000000007e-07","0.12"
"1.0000000000000006e-06","0.12"
"1.0100000000000005e-06","0.12"
"1.0200000000000004e-06","0.12"
"1.0300000000000003e-06","0.112"
"1.0400000000000002e-06","0.12"
"1.0500000000000001e-06","0.112"
"1.06e-06","0.12"
"1.07e-06","0.12"
"1.0799999999999998e-06","0.112"
"1.0899999999999997e-06","0.12"
"1.0999999999999996e-06","0.112"
"1.1100000000000012e-06","0.112"
"1.1200000000000011e-06","0.112"
"1.130000000000001e-06","0.112"
"1.140000000000001e-06","0.112"
"1.1500000000000008e-06","0.096"
"1.1600000000000008e-06","0.088"
"1.1700000000000007e-06","0.10400000000000001"
"1.1800000000000006e-06","0.112"
"1.1900000000000005e-06","0.10400000000000001"
"1.2000000000000004e-06","0.10400000000000001"
"1.2100000000000003e-06","0.10400000000000001"
"1.2200000000000002e-06","0.096"
"1.23e-06","0.10400000000000001"
"1.24e-06","0.112"
"1.2499999999999999e-06","0.096"
"1.2599999999999998e-06","0.112"
"1.2699999999999997e-06","0.112"
"1.2799999999999996e-06","0.12"
"1.2900000000000012e-06","0.112"
"1.300000000000001e-06","0.12"
"1.310000000000001e-06","0.12"
"1.320000000000001e-06","0.128"
"1.3300000000000008e-06","0.128"
"1.3400000000000007e-06","0.136"
"1.3500000000000006e-06","0.136"
"1.3600000000000005e-06","0.14400000000000002"
"1.3700000000000004e-06","0.128"
"1.3800000000000003e-06","0.14400000000000002"
"1.3900000000000002e-06","0.136"
"1.4000000000000001e-06","0.14400000000000002"
"1.41e-06","0.16"
"1.42e-06","0.16"
"1.4299999999999999e-06","0.152"
"1.4399999999999998e-06","0.152"
"1.4499999999999997e-06","0.168"
"1.4600000000000013e-06","0.168"
"1.4700000000000012e-06","0.176"
"1.480000000000001e-06","0.176"
"1.490000000000001e-06","0.192"
"1.5000000000000009e-06","0.192"
"1.5100000000000008e-06","0.192"
"1.5200000000000007e-06","0.2"
"1.5300000000000006e-06","0.20800000000000002"
"1.5400000000000005e-06","0.20800000000000002"
"1.5500000000000004e-06","0.216"
"1.5600000000000003e-06","0.224"
"1.5700000000000002e-06","0.224"
"1.5800000000000001e-06","0.232"
"1.59e-06","0.24"
"1.6e-06","0.24"
"1.6099999999999998e-06","0.256"
"1.6199999999999997e-06","0.256"
"1.6299999999999996e-06","0.248"
"1.6400000000000012e-06","0.264"
"1.6500000000000011e-06","0.256"
"1.660000000000001e-06","0.264"
"1.670000000000001e-06","0.264"
"1.6800000000000009e-06","0.264"
"1.6900000000000008e-06","0.264"
"1.7000000000000007e-06","0.264"
"1.7100000000000006e-06","0.264"
"1.7200000000000005e-06","0.272"
"1.7300000000000004e-06","0.272"
"1.7400000000000003e-06","0.272"
"1.7500000000000002e-06","0.28"
"1.76e-06","0.28"
"1.77e-06","0.264"
"1.78e-06","0.28"
"1.7899999999999998e-06","0.272"
"1.7999999999999997e-06","0.272"
"1.8099999999999996e-06","0.272"
"1.8200000000000012e-06","0.272"
"1.8300000000000011e-06","0.272"
"1.840000000000001e-06","0.272"
"1.850000000000001e-06","0.272"
"1.8600000000000008e-06","0.272"
"1.8700000000000007e-06","0.28800000000000003"
"1.8800000000000006e-06","0.28"
"1.8900000000000005e-06","0.28800000000000003"
"1.9000000000000004e-06","0.28"
"1.9100000000000003e-06","0.28800000000000003"
"1.9200000000000003e-06","0.28800000000000003"
"1.93e-06","0.28800000000000003"
"1.94e-06","0.296"
"1.95e-06","0.28800000000000003"
"1.96e-06","0.28800000000000003"
"1.9699999999999998e-06","0.304"
"1.9799999999999997e-06","0.304"
"1.9900000000000013e-06","0.312"
"2.000000000000001e-06","0.304"
"2.010000000000001e-06","0.312"
"2.020000000000001e-06","0.312"
"2.030000000000001e-06","0.304"
"2.040000000000001e-06","0.312"
"2.0500000000000007e-06","0.312"
"2.0600000000000006e-06","0.32"
"2.0700000000000005e-06","0.312"
"2.0800000000000004e-06","0.32"
"2.0900000000000003e-06","0.312"
"2.1000000000000002e-06","0.312"
"2.11e-06","0.312"
"2.12e-06","0.32"
"2.13e-06","0.304"
"2.14e-06","0.296"
"2.1499999999999997e-06","0.28800000000000003"
"2.1599999999999996e-06","0.296"
"2.1700000000000012e-06","0.296"
"2.180000000000001e-06","0.272"
"2.190000000000001e-06","0.28"
"2.200000000000001e-06","0.28"
"2.210000000000001e-06","0.272"
"2.2200000000000008e-06","0.264"
"2.2300000000000007e-06","0.256"
"2.2400000000000006e-06","0.256"
"2.2500000000000005e-06","0.248"
"2.2600000000000004e-06","0.24"
"2.2700000000000003e-06","0.24"
"2.28e-06","0.232"
"2.29e-06","0.224"
"2.3e-06","0.232"
"2.31e-06","0.232"
"2.32e-06","0.224"
"2.3299999999999997e-06","0.224"
"2.3399999999999996e-06","0.216"
"2.3500000000000012e-06","0.224"
"2.360000000000001e-06","0.232"
"2.370000000000001e-06","0.224"
"2.380000000000001e-06","0.216"
"2.390000000000001e-06","0.232"
"2.4000000000000007e-06","0.224"
"2.4100000000000006e-06","0.232"
"2.4200000000000005e-06","0.224"
"2.4300000000000005e-06","0.224"
"2.4400000000000004e-06","0.232"
"2.4500000000000003e-06","0.232"
"2.46e-06","0.232"
"2.47e-06","0.232"
"2.48e-06","0.224"
"2.49e-06","0.232"
"2.4999999999999998e-06","0.232"
"2.5099999999999997e-06","0.224"
"2.5200000000000013e-06","0.224"
"2.530000000000001e-06","0.224"
"2.540000000000001e-06","0.224"
"2.550000000000001e-06","0.224"
"2.560000000000001e-06","0.224"
"2.570000000000001e-06","0.20800000000000002"
"2.5800000000000007e-06","0.216"
"2.5900000000000006e-06","0.20800000000000002"
"2.6000000000000005e-06","0.216"
"2.6100000000000004e-06","0.20800000000000002"
"2.6200000000000003e-06","0.2"
"2.6300000000000002e-06","0.20800000000000002"
"2.64e-06","0.20800000000000002"
"2.65e-06","0.2"
"2.66e-06","0.2"
"2.67e-06","0.192"
"2.6799999999999998e-06","0.20800000000000002"
"2.6899999999999997e-06","0.2"
"2.7000000000000013e-06","0.2"
"2.710000000000001e-06","0.2"
"2.720000000000001e-06","0.2"
"2.730000000000001e-06","0.20800000000000002"
"2.740000000000001e-06","0.20800000000000002"
"2.7500000000000008e-06","0.192"
"2.7600000000000007e-06","0.192"
"2.7700000000000006e-06","0.2"
"2.7800000000000005e-06","0.2"
"2.7900000000000004e-06","0.192"
"2.8000000000000003e-06","0.184"
"2.81e-06","0.192"
"2.82e-06","0.184"
"2.83e-06","0.192"
"2.84e-06","0.192"
"2.85e-06","0.184"
"2.8599999999999997e-06","0.192"
"2.8700000000000013e-06","0.184"
"2.8799999999999995e-06","0.184"
"2.890000000000001e-06","0.192"
"2.8999999999999993e-06","0.176"
"2.910000000000001e-06","0.176"
"2.919999999999999e-06","0.184"
"2.9300000000000007e-06","0.2"
"2.939999999999999e-06","0.192"
"2.9500000000000006e-06","0.192"
"2.960000000000002e-06","0.2"
"2.9700000000000004e-06","0.192"
"2.980000000000002e-06","0.192"
"2.99e-06","0.184"
"3.0000000000000018e-06","0.192"
"3.01e-06","0.184"
"3.0200000000000016e-06","0.184"
"3.03e-06","0.184"
"3.0400000000000014e-06","0.168"
"3.0499999999999996e-06","0.184"
"3.060000000000001e-06","0.184"
"3.0699999999999994e-06","0.176"
"3.080000000000001e-06","0.176"
"3.0899999999999992e-06","0.168"
"3.100000000000001e-06","0.176"
"3.109999999999999e-06","0.176"
"3.1200000000000006e-06","0.168"
"3.129999999999999e-06","0.16"
"3.1400000000000004e-06","0.16"
"3.150000000000002e-06","0.168"
"3.1600000000000002e-06","0.16"
"3.170000000000002e-06","0.152"
"3.18e-06","0.16"
"3.1900000000000016e-06","0.16"
"3.2e-06","0.16"
"3.2100000000000015e-06","0.152"
"3.2199999999999997e-06","0.16"
"3.2300000000000013e-06","0.152"
"3.2399999999999995e-06","0.14400000000000002"
"3.250000000000001e-06","0.152"
"3.2599999999999993e-06","0.14400000000000002"
"3.270000000000001e-06","0.152"
"3.279999999999999e-06","0.14400000000000002"
"3.2900000000000007e-06","0.14400000000000002"
"3.299999999999999e-06","0.14400000000000002"
"3.3100000000000005e-06","0.14400000000000002"
"3.320000000000002e-06","0.136"
"3.3300000000000003e-06","0.136"
"3.340000000000002e-06","0.16"
"3.35e-06","0.152"
"3.3600000000000017e-06","0.14400000000000002"
"3.37e-06","0.136"
"3.3800000000000015e-06","0.152"
"3.3899999999999997e-06","0.168"
"3.4000000000000013e-06","0.16"
"3.4099999999999995e-06","0.152"
"3.420000000000001e-06","0.152"
"3.4299999999999993e-06","0.168"
"3.440000000000001e-06","0.168"
"3.449999999999999e-06","0.168"
"3.4600000000000008e-06","0.168"
"3.469999999999999e-06","0.176"
"3.4800000000000006e-06","0.16"
"3.490000000000002e-06","0.168"
"3.5000000000000004e-06","0.168"
"3.510000000000002e-06","0.16"
"3.52e-06","0.16"
"3.5300000000000018e-06","0.16"
"3.54e-06","0.152"
"3.5500000000000016e-06","0.14400000000000002"
"3.56e-06","0.136"
"3.5700000000000014e-06","0.128"
"3.5799999999999996e-06","0.12"
"3.590000000000001e-06","0.12"
"3.5999999999999994e-06","0.112"
"3.610000000000001e-06","0.096"
"3.6199999999999992e-06","0.08"
"3.630000000000001e-06","0.07200000000000001"
"3.639999999999999e-06","0.07200000000000001"
"3.6500000000000006e-06","0.056"
"3.659999999999999e-06","0.032"
"3.6700000000000004e-06","0.024"
"3.680000000000002e-06","0.0"
"3.6900000000000002e-06","-0.008"
"3.700000000000002e-06","-0.008"
"3.71e-06","-0.024"
"3.7200000000000017e-06","-0.032"
"3.73e-06","-0.04"
"3.7400000000000015e-06","-0.056"
"3.7499999999999997e-06","-0.07200000000000001"
"3.7600000000000013e-06","-0.08"
"3.7699999999999995e-06","-0.08"
"3.780000000000001e-06","-0.096"
"3.7899999999999993e-06","-0.088"
"3.800000000000001e-06","-0.096"
"3.809999999999999e-06","-0.10400000000000001"
"3.820000000000001e-06","-0.096"
"3.829999999999999e-06","-0.10400000000000001"
"3.8400000000000005e-06","-0.10400000000000001"
"3.850000000000002e-06","-0.096"
"3.86e-06","-0.10400000000000001"
"3.870000000000002e-06","-0.096"
"3.88e-06","-0.096"
"3.890000000000002e-06","-0.088"
"3.9e-06","-0.088"
"3.9100000000000015e-06","-0.088"
"3.92e-06","-0.088"
"3.930000000000001e-06","-0.07200000000000001"
"3.9399999999999995e-06","-0.07200000000000001"
"3.950000000000001e-06","-0.064"
"3.959999999999999e-06","-0.056"
"3.970000000000001e-06","-0.056"
"3.979999999999999e-06","-0.048"
"3.990000000000001e-06","-0.048"
"3.999999999999999e-06","-0.04"
"4.0100000000000006e-06","-0.032"
"4.020000000000002e-06","-0.032"
"4.03e-06","-0.032"
"4.040000000000002e-06","-0.024"
"4.05e-06","-0.016"
"4.060000000000002e-06","-0.008"
"4.07e-06","-0.016"
"4.080000000000002e-06","-0.008"
"4.09e-06","-0.008"
"4.100000000000001e-06","0.008"
"4.11e-06","0.008"
"4.120000000000001e-06","0.008"
"4.129999999999999e-06","0.008"
"4.140000000000001e-06","0.024"
"4.149999999999999e-06","0.016"
"4.160000000000001e-06","0.016"
"4.169999999999999e-06","0.024"
"4.180000000000001e-06","0.032"
"4.189999999999999e-06","0.04"
"4.2000000000000004e-06","0.048"
"4.210000000000002e-06","0.048"
"4.22e-06","0.056"
"4.230000000000002e-06","0.048"
"4.24e-06","0.064"
"4.250000000000002e-06","0.064"
"4.26e-06","0.064"
"4.2700000000000015e-06","0.07200000000000001"
"4.28e-06","0.08"
"4.290000000000001e-06","0.088"
"4.2999999999999995e-06","0.088"
"4.310000000000001e-06","0.088"
"4.319999999999999e-06","0.096"
"4.330000000000001e-06","0.10400000000000001"
"4.339999999999999e-06","0.10400000000000001"
"4.350000000000001e-06","0.112"
"4.359999999999999e-06","0.12"
"4.3700000000000005e-06","0.12"
"4.380000000000002e-06","0.128"
"4.39e-06","0.128"
"4.400000000000002e-06","0.12"
"4.41e-06","0.136"
"4.420000000000002e-06","0.136"
"4.43e-06","0.152"
"4.4400000000000015e-06","0.152"
"4.45e-06","0.152"
"4.460000000000001e-06","0.14400000000000002"
"4.4699999999999996e-06","0.152"
"4.480000000000001e-06","0.152"
"4.489999999999999e-06","0.14400000000000002"
"4.500000000000001e-06","0.14400000000000002"
"4.509999999999999e-06","0.14400000000000002"
"4.520000000000001e-06","0.136"
"4.529999999999999e-06","0.14400000000000002"
"4.540000000000001e-06","0.128"
"4.550000000000002e-06","0.136"
"4.56e-06","0.136"
"4.570000000000002e-06","0.12"
"4.58e-06","0.12"
"4.590000000000002e-06","0.112"
"4.6e-06","0.096"
"4.610000000000002e-06","0.088"
"4.62e-06","0.088"
"4.630000000000001e-06","0.08"
"4.64e-06","0.07200000000000001"
"4.650000000000001e-06","0.064"
"4.6599999999999994e-06","0.064"
"4.670000000000001e-06","0.064"
"4.679999999999999e-06","0.048"
"4.690000000000001e-06","0.056"
"4.699999999999999e-06","0.048"
"4.710000000000001e-06","0.048"
"4.719999999999999e-06","0.048"
"4.7300000000000005e-06","0.048"
"4.740000000000002e-06","0.048"
"4.75e-06","0.048"
"4.760000000000002e-06","0.056"
"4.77e-06","0.056"
"4.780000000000002e-06","0.048"
"4.79e-06","0.048"
"4.8000000000000015e-06","0.056"
"4.81e-06","0.064"
"4.820000000000001e-06","0.056"
"4.8299999999999995e-06","0.064"
"4.840000000000001e-06","0.064"
"4.849999999999999e-06","0.07200000000000001"
"4.860000000000001e-06","0.07200000000000001"
"4.869999999999999e-06","0.08"
"4.880000000000001e-06","0.08"
"4.889999999999999e-06","0.088"
"4.9000000000000005e-06","0.08"
"4.910000000000002e-06","0.096"
"4.92e-06","0.10400000000000001"
"4.930000000000002e-06","0.10400000000000001"
"4.94e-06","0.112"
"4.950000000000002e-06","0.112"
"4.96e-06","0.12"
"4.9700000000000015e-06","0.12"
"4.98e-06","0.128"
"4.990000000000001e-06","0.128"
"4.9999999999999996e-06","0.136"
"5.010000000000001e-06","0.128"
"5.019999999999999e-06","0.136"
"5.030000000000001e-06","0.14400000000000002"
"5.039999999999999e-06","0.14400000000000002"
"5.050000000000001e-06","0.14400000000000002"
"5.059999999999999e-06","0.136"
"5.070000000000001e-06","0.136"
"5.080000000000002e-06","0.14400000000000002"
"5.09e-06","0.136"
"5.100000000000002e-06","0.14400000000000002"
"5.11e-06","0.128"
"5.120000000000002e-06","0.128"
"5.13e-06","0.128"
"5.140000000000002e-06","0.12"
"5.15e-06","0.10400000000000001"
"5.160000000000001e-06","0.10400000000000001"
"5.17e-06","0.10400000000000001"
"5.180000000000001e-06","0.096"
"5.1899999999999994e-06","0.088"
"5.200000000000001e-06","0.07200000000000001"
"5.209999999999999e-06","0.064"
"5.220000000000001e-06","0.064"
"5.229999999999999e-06","0.064"
"5.240000000000001e-06","0.04"
"5.249999999999999e-06","0.032"
"5.2600000000000005e-06","0.032"
"5.270000000000002e-06","0.024"
"5.28e-06","0.016"
"5.290000000000002e-06","0.016"
"5.3e-06","0.008"
"5.310000000000002e-06","0.0"
"5.32e-06","-0.008"
"5.3300000000000015e-06","-0.016"
"5.34e-06","-0.016"
"5.350000000000001e-06","-0.032"
"5.3599999999999995e-06","-0.032"
"5.370000000000001e-06","-0.032"
"5.379999999999999e-06","-0.048"
"5.390000000000001e-06","-0.056"
"5.399999999999999e-06","-0.056"
"5.410000000000001e-06","-0.056"
"5.419999999999999e-06","-0.064"
"5.4300000000000005e-06","-0.064"
"5.440000000000002e-06","-0.07200000000000001"
"5.45e-06","-0.07200000000000001"
"5.460000000000002e-06","-0.08"
"5.47e-06","-0.088"
"5.480000000000002e-06","-0.088"
"5.49e-06","-0.088"
"5.5000000000000016e-06","-0.088"
"5.51e-06","-0.10400000000000001"
"5.520000000000001e-06","-0.10400000000000001"
"5.5299999999999996e-06","-0.10400000000000001"
"5.540000000000001e-06","-0.112"
"5.549999999999999e-06","-0.112"
"5.560000000000001e-06","-0.10400000000000001"
"5.569999999999999e-06","-0.12"
"5.580000000000001e-06","-0.112"
"5.589999999999999e-06","-0.112"
"5.600000000000001e-06","-0.10400000000000001"
"5.610000000000002e-06","-0.12"
"5.62e-06","-0.10400000000000001"
"5.630000000000002e-06","-0.096"
"5.64e-06","-0.096"
"5.650000000000002e-06","-0.096"
"5.66e-06","-0.088"
"5.670000000000002e-06","-0.088"
"5.68e-06","-0.088"
"5.6900000000000014e-06","-0.08"
"5.7e-06","-0.08"
"5.710000000000001e-06","-0.08"
"5.7199999999999994e-06","-0.07200000000000001"
"5.730000000000001e-06","-0.064"
"5.739999999999999e-06","-0.064"
"5.750000000000001e-06","-0.056"
"5.759999999999999e-06","-0.056"
"5.770000000000001e-06","-0.048"
"5.779999999999999e-06","-0.04"
"5.7900000000000005e-06","-0.032"
"5.800000000000002e-06","-0.04"
"5.81e-06","-0.032"
"5.820000000000002e-06","-0.048"
"5.83e-06","-0.032"
"5.840000000000002e-06","-0.032"
"5.85e-06","-0.016"
"5.8600000000000015e-06","-0.016"
"5.87e-06","-0.016"
"5.880000000000001e-06","-0.008"
"5.8899999999999995e-06","-0.016"
"5.900000000000001e-06","-0.008"
"5.909999999999999e-06","0.0"
"5.920000000000001e-06","0.0"
"5.929999999999999e-06","0.0"
"5.940000000000001e-06","0.008"
"5.949999999999999e-06","0.008"
"5.9600000000000005e-06","0.016"
"5.970000000000002e-06","0.024"
"5.98e-06","0.016"
"5.990000000000002e-06","0.024"
"6e-06","0.024"
"6.010000000000002e-06","0.024"
"6.02e-06","0.04"
"6.0300000000000016e-06","0.048"
"6.04e-06","0.048"
"6.050000000000001e-06","0.048"
"6.06e-06","0.048"
"6.070000000000001e-06","0.064"
"6.079999999999999e-06","0.064"
"6.090000000000001e-06","0.08"
"6.099999999999999e-06","0.064"
"6.110000000000001e-06","0.07200000000000001"
"6.119999999999999e-06","0.08"
"6.130000000000001e-06","0.096"
"6.140000000000002e-06","0.088"
"6.15e-06","0.088"
"6.160000000000002e-06","0.096"
"6.17e-06","0.096"
"6.180000000000002e-06","0.096"
"6.19e-06","0.096"
"6.200000000000002e-06","0.10400000000000001"
"6.21e-06","0.096"
"6.2200000000000014e-06","0.096"
"6.23e-06","0.112"
"6.240000000000001e-06","0.096"
"6.2499999999999995e-06","0.10400000000000001"
"6.260000000000001e-06","0.10400000000000001"
"6.269999999999999e-06","0.10400000000000001"
"6.280000000000001e-06","0.10400000000000001"
"6.289999999999999e-06","0.10400000000000001"
"6.300000000000001e-06","0.096"
"6.309999999999999e-06","0.096"
"6.3200000000000005e-06","0.096"
"6.330000000000002e-06","0.088"
"6.34e-06","0.096"
"6.350000000000002e-06","0.096"
"6.36e-06","0.096"
"6.370000000000002e-06","0.096"
"6.38e-06","0.08"
"6.3900000000000015e-06","0.08"
"6.4e-06","0.08"
"6.410000000000001e-06","0.088"
"6.4199999999999995e-06","0.08"
"6.430000000000001e-06","0.08"
"6.439999999999999e-06","0.08"
"6.450000000000001e-06","0.08"
"6.459999999999999e-06","0.08"
"6.470000000000001e-06","0.07200000000000001"
"6.479999999999999e-06","0.07200000000000001"
"6.4900000000000005e-06","0.07200000000000001"
"6.500000000000002e-06","0.07200000000000001"
"6.51e-06","0.07200000000000001"
"6.520000000000002e-06","0.064"
"6.53e-06","0.07200000000000001"
"6.540000000000002e-06","0.056"
"6.55e-06","0.07200000000000001"
"6.5600000000000016e-06","0.064"
"6.57e-06","0.064"
"6.580000000000001e-06","0.064"
"6.59e-06","0.07200000000000001"
"6.600000000000001e-06","0.064"
"6.609999999999999e-06","0.056"
"6.620000000000001e-06","0.064"
"6.629999999999999e-06","0.056"
"6.640000000000001e-06","0.056"
"6.649999999999999e-06","0.048"
"6.660000000000001e-06","0.048"
"6.670000000000002e-06","0.048"
"6.68e-06","0.056"
"6.690000000000002e-06","0.048"
"6.7e-06","0.056"
"6.710000000000002e-06","0.048"
"6.72e-06","0.056"
"6.730000000000002e-06","0.048"
"6.74e-06","0.04"
"6.7500000000000014e-06","0.048"
"6.76e-06","0.056"
"6.770000000000001e-06","0.04"
"6.7799999999999995e-06","0.056"
"6.790000000000001e-06","0.056"
"6.799999999999999e-06","0.048"
"6.810000000000001e-06","0.048"
"6.819999999999999e-06","0.048"
"6.830000000000001e-06","0.056"
"6.839999999999999e-06","0.048"
"6.8500000000000005e-06","0.056"
"6.860000000000002e-06","0.056"
"6.87e-06","0.07200000000000001"
"6.880000000000002e-06","0.07200000000000001"
"6.89e-06","0.07200000000000001"
"6.900000000000002e-06","0.064"
"6.91e-06","0.064"
"6.9200000000000015e-06","0.07200000000000001"
"6.93e-06","0.07200000000000001"
"6.940000000000001e-06","0.07200000000000001"
"6.9499999999999995e-06","0.07200000000000001"
"6.960000000000001e-06","0.07200000000000001"
"6.969999999999999e-06","0.08"
"6.980000000000001e-06","0.07200000000000001"
"6.989999999999999e-06","0.07200000000000001"
"7.000000000000001e-06","0.064"
"7.009999999999999e-06","0.07200000000000001"
"7.0200000000000006e-06","0.08"
"7.030000000000002e-06","0.07200000000000001"
"7.04e-06","0.064"
"7.050000000000002e-06","0.07200000000000001"
"7.06e-06","0.07200000000000001"
"7.070000000000002e-06","0.07200000000000001"
"7.08e-06","0.08"
"7.0900000000000016e-06","0.07200000000000001"
"7.1e-06","0.064"
"7.110000000000001e-06","0.07200000000000001"
"7.12e-06","0.07200000000000001"
"7.130000000000001e-06","0.07200000000000001"
"7.139999999999999e-06","0.07200000000000001"
"7.150000000000001e-06","0.08"
"7.159999999999999e-06","0.07200000000000001"
"7.170000000000001e-06","0.08"
"7.179999999999999e-06","0.08"
"7.190000000000001e-06","0.08"
"7.200000000000002e-06","0.08"
"7.2100000000000004e-06","0.088"
"7.220000000000002e-06","0.088"
"7.23e-06","0.096"
"7.240000000000002e-06","0.096"
"7.25e-06","0.08"
"7.260000000000002e-06","0.088"
"7.27e-06","0.088"
"7.2800000000000014e-06","0.088"
"7.29e-06","0.088"
"7.300000000000001e-06","0.096"
"7.3099999999999995e-06","0.088"
"7.320000000000001e-06","0.096"
"7.329999999999999e-06","0.08"
"7.340000000000001e-06","0.088"
"7.349999999999999e-06","0.088"
"7.360000000000001e-06","0.088"
"7.369999999999999e-06","0.08"
"7.3800000000000005e-06","0.08"
"7.390000000000002e-06","0.08"
"7.4e-06","0.088"
"7.410000000000002e-06","0.08"
"7.42e-06","0.08"
"7.430000000000002e-06","0.088"
"7.44e-06","0.08"
"7.4500000000000015e-06","0.088"
"7.46e-06","0.088"
"7.470000000000001e-06","0.088"
"7.4799999999999995e-06","0.088"
"7.490000000000001e-06","0.088"
"7.499999999999999e-06","0.088"
"7.510000000000001e-06","0.10400000000000001"
"7.519999999999999e-06","0.096"
"7.530000000000001e-06","0.096"
"7.539999999999999e-06","0.096"
"7.5500000000000006e-06","0.096"
"7.560000000000002e-06","0.096"
"7.57e-06","0.096"
"7.580000000000002e-06","0.096"
"7.59e-06","0.096"
"7.600000000000002e-06","0.096"
"7.61e-06","0.088"
"7.620000000000002e-06","0.088"
"7.63e-06","0.096"
"7.640000000000001e-06","0.088"
"7.65e-06","0.088"
"7.660000000000001e-06","0.08"
"7.67e-06","0.088"
"7.680000000000001e-06","0.08"
"7.69e-06","0.07200000000000001"
"7.7e-06","0.08"
"7.709999999999999e-06","0.064"
"7.72e-06","0.064"
"7.730000000000002e-06","0.064"
"7.74e-06","0.064"
"7.750000000000002e-06","0.064"
"7.76e-06","0.064"
"7.770000000000002e-06","0.056"
"7.78e-06","0.064"
"7.790000000000002e-06","0.056"
"7.8e-06","0.056"
"7.810000000000001e-06","0.048"
"7.82e-06","0.048"
"7.830000000000001e-06","0.032"
"7.84e-06","0.048"
"7.850000000000001e-06","0.04"
"7.86e-06","0.04"
"7.870000000000001e-06","0.04"
"7.879999999999999e-06","0.048"
"7.89e-06","0.048"
"7.899999999999999e-06","0.048"
"7.91e-06","0.048"
"7.920000000000002e-06","0.048"
"7.93e-06","0.048"
"7.940000000000002e-06","0.056"
"7.95e-06","0.048"
"7.960000000000002e-06","0.056"
"7.97e-06","0.056"
"7.980000000000002e-06","0.056"
"7.99e-06","0.056"
"8.000000000000001e-06","0.056"
"8.01e-06","0.07200000000000001"
"8.020000000000001e-06","0.07200000000000001"
"8.03e-06","0.056"
"8.040000000000001e-06","0.07200000000000001"
"8.05e-06","0.088"
"8.06e-06","0.07200000000000001"
"8.069999999999999e-06","0.08"
"8.08e-06","0.07200000000000001"
"8.090000000000002e-06","0.08"
"8.1e-06","0.088"
"8.110000000000002e-06","0.096"
"8.12e-06","0.088"
"8.130000000000002e-06","0.096"
"8.14e-06","0.10400000000000001"
"8.150000000000002e-06","0.10400000000000001"
"8.16e-06","0.10400000000000001"
"8.170000000000001e-06","0.112"
"8.18e-06","0.112"
"8.190000000000001e-06","0.112"
"8.2e-06","0.10400000000000001"
"8.210000000000001e-06","0.12"
"8.22e-06","0.112"
"8.23e-06","0.112"
"8.239999999999999e-06","0.12"
"8.25e-06","0.112"
"8.260000000000002e-06","0.112"
"8.27e-06","0.10400000000000001"
"8.280000000000002e-06","0.096"
"8.29e-06","0.112"
"8.300000000000002e-06","0.096"
"8.31e-06","0.096"
"8.320000000000002e-06","0.088"
"8.33e-06","0.096"
"8.340000000000001e-06","0.08"
"8.35e-06","0.07200000000000001"
"8.360000000000001e-06","0.064"
"8.37e-06","0.064"
"8.380000000000001e-06","0.056"
"8.39e-06","0.056"
"8.400000000000001e-06","0.04"
"8.409999999999999e-06","0.04"
"8.42e-06","0.032"
"8.429999999999999e-06","0.024"
"8.44e-06","0.032"
"8.450000000000002e-06","0.024"
"8.46e-06","0.016"
"8.470000000000002e-06","0.008"
"8.48e-06","0.008"
"8.490000000000002e-06","0.008"
"8.5e-06","0.008"
"8.510000000000002e-06","0.0"
"8.52e-06","0.008"
"8.530000000000001e-06","-0.008"
"8.54e-06","0.008"
"8.550000000000001e-06","0.008"
"8.56e-06","0.0"
"8.570000000000001e-06","0.0"
"8.58e-06","0.0"
"8.59e-06","0.008"
"8.599999999999999e-06","0.008"
"8.61e-06","0.008"
"8.620000000000002e-06","0.008"
"8.63e-06","0.008"
"8.640000000000002e-06","0.008"
"8.65e-06","0.008"
"8.660000000000002e-06","0.016"
"8.67e-06","0.024"
"8.680000000000002e-06","0.016"
"8.69e-06","0.016"
"8.700000000000001e-06","0.024"
"8.71e-06","0.016"
"8.720000000000001e-06","0.024"
"8.73e-06","0.016"
"8.740000000000001e-06","0.032"
"8.75e-06","0.032"
"8.76e-06","0.032"
"8.769999999999999e-06","0.032"
"8.78e-06","0.04"
"8.790000000000002e-06","0.04"
"8.8e-06","0.04"
"8.810000000000002e-06","0.04"
"8.82e-06","0.04"
"8.830000000000002e-06","0.04"
"8.84e-06","0.048"
"8.850000000000002e-06","0.048"
"8.86e-06","0.048"
"8.870000000000001e-06","0.048"
"8.88e-06","0.048"
"8.890000000000001e-06","0.056"
"8.9e-06","0.048"
"8.910000000000001e-06","0.04"
"8.92e-06","0.048"
"8.930000000000001e-06","0.04"
"8.939999999999999e-06","0.048"
"8.95e-06","0.048"
"8.959999999999999e-06","0.04"
"8.97e-06","0.04"
"8.980000000000002e-06","0.032"
"8.99e-06","0.04"
"9.000000000000002e-06","0.04"
"9.01e-06","0.04"
"9.020000000000002e-06","0.024"
"9.03e-06","0.024"
"9.040000000000002e-06","0.024"
"9.05e-06","0.032"
"9.060000000000001e-06","0.032"
"9.07e-06","0.016"
"9.080000000000001e-06","0.016"
"9.09e-06","0.024"
"9.100000000000001e-06","0.024"
"9.11e-06","0.008"
"9.12e-06","0.016"
"9.129999999999999e-06","0.024"
"9.14e-06","0.024"
"9.150000000000002e-06","0.024"
"9.16e-06","0.024"
"9.170000000000002e-06","0.016"
"9.18e-06","0.016"
"9.190000000000002e-06","0.024"
"9.2e-06","0.016"
"9.210000000000002e-06","0.032"
"9.22e-06","0.016"
"9.230000000000001e-06","0.016"
"9.24e-06","0.024"
"9.250000000000001e-06","0.032"
"9.26e-06","0.032"
"9.270000000000001e-06","0.024"
"9.28e-06","0.032"
"9.29e-06","0.024"
"9.299999999999999e-06","0.032"
"9.31e-06","0.024"
"9.320000000000002e-06","0.024"
"9.33e-06","0.032"
"9.340000000000002e-06","0.032"
"9.35e-06","0.024"
"9.360000000000002e-06","0.016"
"9.37e-06","0.032"
"9.380000000000002e-06","0.032"
"9.39e-06","0.024"
"9.400000000000001e-06","0.024"
"9.41e-06","0.016"
"9.420000000000001e-06","0.016"
"9.43e-06","0.008"
"9.440000000000001e-06","0.024"
"9.45e-06","0.016"
"9.460000000000001e-06","0.024"
"9.469999999999999e-06","0.016"
"9.48e-06","0.016"
"9.489999999999999e-06","0.016"
"9.5e-06","0.008"
"9.510000000000002e-06","0.024"
"9.52e-06","0.016"
"9.530000000000002e-06","0.024"
"9.54e-06","0.032"
"9.550000000000002e-06","0.032"
"9.56e-06","0.032"
"9.570000000000002e-06","0.032"
"9.58e-06","0.048"
"9.590000000000001e-06","0.04"
"9.6e-06","0.04"
"9.610000000000001e-06","0.04"
"9.62e-06","0.048"
"9.630000000000001e-06","0.056"
"9.64e-06","0.056"
"9.65e-06","0.064"
"9.659999999999999e-06","0.07200000000000001"
"9.67e-06","0.07200000000000001"
"9.680000000000002e-06","0.08"
"9.69e-06","0.08"
"9.700000000000002e-06","0.088"
"9.71e-06","0.088"
"9.720000000000002e-06","0.096"
"9.73e-06","0.096"
"9.740000000000002e-06","0.096"
"9.75e-06","0.112"
"9.760000000000001e-06","0.112"
"9.77e-06","0.12"
"9.780000000000001e-06","0.12"
"9.79e-06","0.12"
"9.800000000000001e-06","0.136"
"9.81e-06","0.128"
"9.820000000000001e-06","0.136"
"9.829999999999999e-06","0.14400000000000002"
"9.84e-06","0.14400000000000002"
"9.850000000000002e-06","0.14400000000000002"
"9.86e-06","0.152"
"9.870000000000002e-06","0.168"
"9.88e-06","0.16"
"9.890000000000002e-06","0.168"
"9.9e-06","0.168"
"9.910000000000002e-06","0.168"
"9.92e-06","0.176"
"9.930000000000001e-06","0.176"
"9.94e-06","0.176"
"9.950000000000001e-06","0.176"
"9.96e-06","0.168"
"9.970000000000001e-06","0.176"
"9.98e-06","0.176"
"9.990000000000001e-06","0.176"
"9.999999999999999e-06","0.176"
"1.001e-05","0.152"
"1.0019999999999999e-05","0.16"
"1.003e-05","0.16"
"1.0040000000000002e-05","0.16"
"1.005e-05","0.16"
"1.0060000000000002e-05","0.152"
"1.007e-05","0.136"
"1.0080000000000002e-05","0.14400000000000002"
"1.009e-05","0.14400000000000002"
"1.0100000000000002e-05","0.128"
"1.011e-05","0.128"
"1.0120000000000001e-05","0.128"
"1.013e-05","0.12"
"1.0140000000000001e-05","0.12"
"1.015e-05","0.12"
"1.0160000000000001e-05","0.112"
"1.017e-05","0.096"
"1.018e-05","0.096"
"1.0189999999999999e-05","0.10400000000000001"
"1.02e-05","0.096"
"1.0210000000000002e-05","0.088"
"1.022e-05","0.088"
"1.0230000000000002e-05","0.088"
"1.024e-05","0.08"
"1.0250000000000002e-05","0.08"
"1.026e-05","0.08"
"1.0270000000000002e-05","0.08"
"1.028e-05","0.07200000000000001"
"1.0290000000000001e-05","0.07200000000000001"
"1.03e-05","0.064"
"1.0310000000000001e-05","0.07200000000000001"
"1.032e-05","0.07200000000000001"
"1.0330000000000001e-05","0.07200000000000001"
"1.034e-05","0.064"
"1.0350000000000001e-05","0.07200000000000001"
"1.0359999999999999e-05","0.08"
"1.037e-05","0.088"
"1.0380000000000002e-05","0.088"
"1.039e-05","0.088"
"1.0400000000000002e-05","0.10400000000000001"
"1.041e-05","0.096"
"1.0420000000000002e-05","0.10400000000000001"
"1.043e-05","0.112"
"1.0440000000000002e-05","0.112"
"1.045e-05","0.12"
"1.0460000000000001e-05","0.128"
"1.047e-05","0.136"
"1.0480000000000001e-05","0.14400000000000002"
"1.049e-05","0.136"
"1.0500000000000001e-05","0.14400000000000002"
"1.051e-05","0.152"
"1.0520000000000001e-05","0.16"
"1.0529999999999999e-05","0.152"
"1.054e-05","0.16"
"1.0549999999999999e-05","0.152"
"1.056e-05","0.16"
"1.0570000000000002e-05","0.16"
"1.058e-05","0.16"
"1.0590000000000002e-05","0.152"
"1.06e-05","0.152"
"1.0610000000000002e-05","0.152"
"1.062e-05","0.16"
"1.0630000000000002e-05","0.152"
"1.064e-05","0.16"
"1.0650000000000001e-05","0.152"
"1.066e-05","0.14400000000000002"
"1.0670000000000001e-05","0.152"
"1.068e-05","0.152"
"1.0690000000000001e-05","0.152"
"1.07e-05","0.14400000000000002"
"1.071e-05","0.14400000000000002"
"1.0719999999999999e-05","0.14400000000000002"
"1.073e-05","0.14400000000000002"
"1.0740000000000002e-05","0.136"
"1.075e-05","0.14400000000000002"
"1.0760000000000002e-05","0.136"
"1.077e-05","0.128"
"1.0780000000000002e-05","0.12"
"1.079e-05","0.12"
"1.0800000000000002e-05","0.10400000000000001"
"1.081e-05","0.112"
"1.0820000000000001e-05","0.10400000000000001"
"1.083e-05","0.096"
"1.0840000000000001e-05","0.088"
"1.085e-05","0.088"
"1.0860000000000001e-05","0.07200000000000001"
"1.087e-05","0.08"
"1.0880000000000001e-05","0.08"
"1.0889999999999999e-05","0.08"
"1.09e-05","0.07200000000000001"
"1.0910000000000002e-05","0.07200000000000001"
"1.092e-05","0.07200000000000001"
"1.0930000000000002e-05","0.064"
"1.094e-05","0.07200000000000001"
"1.0950000000000002e-05","0.064"
"1.096e-05","0.064"
"1.0970000000000002e-05","0.064"
"1.098e-05","0.07200000000000001"
"1.0990000000000002e-05","0.07200000000000001"
"1.1e-05","0.07200000000000001"
"1.1010000000000001e-05","0.07200000000000001"
"1.102e-05","0.07200000000000001"
"1.1030000000000001e-05","0.088"
"1.104e-05","0.08"
"1.1050000000000001e-05","0.08"
"1.1059999999999999e-05","0.08"
"1.107e-05","0.08"
"1.1079999999999999e-05","0.096"
"1.109e-05","0.088"
"1.1100000000000002e-05","0.088"
"1.111e-05","0.088"
"1.1120000000000002e-05","0.096"
"1.113e-05","0.096"
"1.1140000000000002e-05","0.10400000000000001"
"1.115e-05","0.096"
"1.1160000000000002e-05","0.10400000000000001"
"1.117e-05","0.10400000000000001"
"1.1180000000000001e-05","0.112"
"1.119e-05","0.096"
"1.1200000000000001e-05","0.10400000000000001"
"1.121e-05","0.096"
"1.1220000000000001e-05","0.096"
"1.123e-05","0.10400000000000001"
"1.124e-05","0.10400000000000001"
"1.1249999999999999e-05","0.096"
"1.126e-05","0.112"
"1.1270000000000002e-05","0.10400000000000001"
"1.128e-05","0.10400000000000001"
"1.1290000000000002e-05","0.088"
"1.13e-05","0.10400000000000001"
"1.1310000000000002e-05","0.096"
"1.132e-05","0.096"
"1.1330000000000002e-05","0.088"
"1.134e-05","0.088"
"1.1350000000000001e-05","0.08"
"1.136e-05","0.088"
"1.1370000000000001e-05","0.088"
"1.138e-05","0.07200000000000001"
"1.1390000000000001e-05","0.07200000000000001"
"1.14e-05","0.08"
"1.1410000000000001e-05","0.07200000000000001"
"1.1419999999999999e-05","0.056"
"1.143e-05","0.064"
"1.1440000000000002e-05","0.07200000000000001"
"1.145e-05","0.064"
"1.1460000000000002e-05","0.07200000000000001"
"1.147e-05","0.064"
"1.1480000000000002e-05","0.064"
"1.149e-05","0.07200000000000001"
"1.1500000000000002e-05","0.07200000000000001"
"1.151e-05","0.08"
"1.1520000000000002e-05","0.07200000000000001"
"1.153e-05","0.088"
"1.1540000000000001e-05","0.088"
"1.155e-05","0.088"
"1.1560000000000001e-05","0.096"
"1.157e-05","0.096"
"1.1580000000000001e-05","0.096"
"1.1589999999999999e-05","0.096"
"1.16e-05","0.096"
"1.1609999999999999e-05","0.10400000000000001"
"1.162e-05","0.112"
"1.1630000000000002e-05","0.112"
"1.164e-05","0.10400000000000001"
"1.1650000000000002e-05","0.112"
"1.166e-05","0.12"
"1.1670000000000002e-05","0.112"
"1.168e-05","0.112"
"1.1690000000000002e-05","0.112"
"1.17e-05","0.10400000000000001"
"1.1710000000000001e-05","0.10400000000000001"
"1.172e-05","0.10400000000000001"
"1.1730000000000001e-05","0.088"
"1.174e-05","0.096"
"1.1750000000000001e-05","0.096"
"1.176e-05","0.096"
"1.177e-05","0.088"
"1.1779999999999999e-05","0.088"
"1.179e-05","0.088"
"1.1800000000000002e-05","0.08"
"1.181e-05","0.08"
"1.1820000000000002e-05","0.07200000000000001"
"1.183e-05","0.064"
"1.1840000000000002e-05","0.07200000000000001"
"1.185e-05","0.064"
"1.1860000000000002e-05","0.07200000000000001"
"1.187e-05","0.056"
"1.1880000000000001e-05","0.056"
"1.189e-05","0.056"
"1.1900000000000001e-05","0.048"
"1.191e-05","0.056"
"1.1920000000000001e-05","0.04"
"1.193e-05","0.032"
"1.1940000000000001e-05","0.032"
"1.1949999999999999e-05","0.032"
"1.196e-05","0.04"
"1.1970000000000002e-05","0.032"
"1.198e-05","0.024"
"1.1990000000000002e-05","0.024"
"1.2e-05","0.016"
"1.2010000000000002e-05","0.024"
"1.202e-05","0.024"
"1.2030000000000002e-05","0.024"
"1.204e-05","0.016"
"1.2050000000000002e-05","0.016"
"1.206e-05","0.024"
"1.2070000000000001e-05","0.032"
"1.208e-05","0.016"
"1.2090000000000001e-05","0.024"
"1.21e-05","0.032"
"1.2110000000000001e-05","0.032"
"1.212e-05","0.032"
"1.213e-05","0.032"
"1.2139999999999999e-05","0.04"
"1.215e-05","0.032"
"1.2160000000000002e-05","0.032"
"1.217e-05","0.032"
"1.2180000000000002e-05","0.032"
"1.219e-05","0.032"
"1.2200000000000002e-05","0.04"
"1.221e-05","0.032"
"1.2220000000000002e-05","0.04"
"1.223e-05","0.032"
"1.2240000000000001e-05","0.032"
"1.225e-05","0.032"
"1.2260000000000001e-05","0.032"
"1.227e-05","0.032"
"1.2280000000000001e-05","0.032"
"1.229e-05","0.04"
"1.23e-05","0.04"
"1.2309999999999999e-05","0.04"
"1.232e-05","0.032"
"1.2330000000000002e-05","0.032"
"1.234e-05","0.032"
"1.2350000000000002e-05","0.048"
"1.236e-05","0.04"
"1.2370000000000002e-05","0.04"
"1.238e-05","0.04"
"1.2390000000000002e-05","0.048"
"1.24e-05","0.056"
"1.2410000000000001e-05","0.056"
"1.242e-05","0.056"
"1.2430000000000001e-05","0.048"
"1.244e-05","0.07200000000000001"
"1.2450000000000001e-05","0.07200000000000001"
"1.246e-05","0.08"
"1.2470000000000001e-05","0.07200000000000001"
"1.2479999999999999e-05","0.088"
"1.249e-05","0.088"
"1.2500000000000002e-05","0.10400000000000001"
"1.251e-05","0.112"
"1.2520000000000002e-05","0.112"
"1.253e-05","0.12"
"1.2540000000000002e-05","0.12"
"1.255e-05","0.136"
"1.2560000000000002e-05","0.14400000000000002"
"1.257e-05","0.14400000000000002"
"1.2580000000000002e-05","0.16"
"1.259e-05","0.16"
