|[1455.  1455.2 1455.4 1455.6 1455.8 1456.  1456.2 1456.4 1456.6 1456.8
 1457.  1457.2 1457.4 1457.6 1457.8 1458.  1458.2 1458.4 1458.6 1458.8
 1459.  1459.2 1459.4 1459.6 1459.8 1460.  1460.2 1460.4 1460.6 1460.8
 1461.  1461.2 1461.4 1461.6 1461.8 1462.  1462.2 1462.4 1462.6 1462.8
 1463.  1463.2 1463.4 1463.6 1463.8 1464.  1464.2 1464.4 1464.6 1464.8
 1465.  1465.2 1465.4 1465.6 1465.8 1466.  1466.2 1466.4 1466.6 1466.8
 1467.  1467.2 1467.4 1467.6 1467.8 1468.  1468.2 1468.4 1468.6 1468.8
 1469.  1469.2 1469.4 1469.6 1469.8 1470.  1470.2 1470.4 1470.6 1470.8
 1471.  1471.2 1471.4 1471.6 1471.8 1472.  1472.2 1472.4 1472.6 1472.8
 1473.  1473.2 1473.4 1473.6 1473.8 1474.  1474.2 1474.4 1474.6 1474.8
 1475.  1475.2 1475.4 1475.6 1475.8 1476.  1476.2 1476.4 1476.6 1476.8
 1477.  1477.2 1477.4 1477.6 1477.8 1478.  1478.2 1478.4 1478.6 1478.8
 1479.  1479.2 1479.4 1479.6 1479.8 1480.  1480.2 1480.4 1480.6 1480.8
 1481.  1481.2 1481.4 1481.6 1481.8 1482.  1482.2 1482.4 1482.6 1482.8
 1483.  1483.2 1483.4 1483.6 1483.8 1484.  1484.2 1484.4 1484.6 1484.8
 1485.  1485.2 1485.4 1485.6 1485.8 1486.  1486.2 1486.4 1486.6 1486.8
 1487.  1487.2 1487.4 1487.6 1487.8 1488.  1488.2 1488.4 1488.6 1488.8
 1489.  1489.2 1489.4 1489.6 1489.8 1490.  1490.2 1490.4 1490.6 1490.8
 1491.  1491.2 1491.4 1491.6 1491.8 1492.  1492.2 1492.4 1492.6 1492.8
 1493.  1493.2 1493.4 1493.6 1493.8 1494.  1494.2 1494.4 1494.6 1494.8
 1495.  1495.2 1495.4 1495.6 1495.8 1496.  1496.2 1496.4 1496.6 1496.8
 1497.  1497.2 1497.4 1497.6 1497.8 1498.  1498.2 1498.4 1498.6 1498.8
 1499.  1499.2 1499.4 1499.6 1499.8 1500.  1500.2 1500.4 1500.6 1500.8
 1501.  1501.2 1501.4 1501.6 1501.8 1502.  1502.2 1502.4 1502.6 1502.8
 1503.  1503.2 1503.4 1503.6 1503.8 1504.  1504.2 1504.4 1504.6 1504.8
 1505.  1505.2 1505.4 1505.6 1505.8 1506.  1506.2 1506.4 1506.6 1506.8
 1507.  1507.2 1507.4 1507.6 1507.8 1508.  1508.2 1508.4 1508.6 1508.8
 1509.  1509.2 1509.4 1509.6 1509.8 1510.  1510.2 1510.4 1510.6 1510.8
 1511.  1511.2 1511.4 1511.6 1511.8 1512.  1512.2 1512.4 1512.6 1512.8
 1513.  1513.2 1513.4 1513.6 1513.8 1514.  1514.2 1514.4 1514.6 1514.8
 1515.  1515.2 1515.4 1515.6 1515.8 1516.  1516.2 1516.4 1516.6 1516.8
 1517.  1517.2 1517.4 1517.6 1517.8 1518.  1518.2 1518.4 1518.6 1518.8
 1519.  1519.2 1519.4 1519.6 1519.8 1520.  1520.2 1520.4 1520.6 1520.8
 1521.  1521.2 1521.4 1521.6 1521.8 1522.  1522.2 1522.4 1522.6 1522.8
 1523.  1523.2 1523.4 1523.6 1523.8 1524.  1524.2 1524.4 1524.6 1524.8
 1525.  1525.2 1525.4 1525.6 1525.8 1526.  1526.2 1526.4 1526.6 1526.8
 1527.  1527.2 1527.4 1527.6 1527.8 1528.  1528.2 1528.4 1528.6 1528.8
 1529.  1529.2 1529.4 1529.6 1529.8 1530.  1530.2 1530.4 1530.6 1530.8
 1531.  1531.2 1531.4 1531.6 1531.8 1532.  1532.2 1532.4 1532.6 1532.8
 1533.  1533.2 1533.4 1533.6 1533.8 1534.  1534.2 1534.4 1534.6 1534.8
 1535.  1535.2 1535.4 1535.6 1535.8 1536.  1536.2 1536.4 1536.6 1536.8
 1537.  1537.2 1537.4 1537.6 1537.8 1538.  1538.2 1538.4 1538.6 1538.8
 1539.  1539.2 1539.4 1539.6 1539.8 1540.  1540.2 1540.4 1540.6 1540.8
 1541.  1541.2 1541.4 1541.6 1541.8 1542.  1542.2 1542.4 1542.6 1542.8
 1543.  1543.2 1543.4 1543.6 1543.8 1544.  1544.2 1544.4 1544.6 1544.8
 1545.  1545.2 1545.4 1545.6 1545.8 1546.  1546.2 1546.4 1546.6 1546.8
 1547.  1547.2 1547.4 1547.6 1547.8 1548.  1548.2 1548.4 1548.6 1548.8
 1549.  1549.2 1549.4 1549.6 1549.8 1550.  1550.2 1550.4 1550.6 1550.8
 1551.  1551.2 1551.4 1551.6 1551.8 1552.  1552.2 1552.4 1552.6 1552.8
 1553.  1553.2 1553.4 1553.6 1553.8 1554.  1554.2 1554.4 1554.6 1554.8
 1555.  1555.2 1555.4 1555.6 1555.8 1556.  1556.2 1556.4 1556.6 1556.8
 1557.  1557.2 1557.4 1557.6 1557.8 1558.  1558.2 1558.4 1558.6 1558.8
 1559.  1559.2 1559.4 1559.6 1559.8 1560.  1560.2 1560.4 1560.6 1560.8
 1561.  1561.2 1561.4 1561.6 1561.8 1562.  1562.2 1562.4 1562.6 1562.8
 1563.  1563.2 1563.4 1563.6 1563.8 1564.  1564.2 1564.4 1564.6 1564.8
 1565.  1565.2 1565.4 1565.6 1565.8 1566.  1566.2 1566.4 1566.6 1566.8
 1567.  1567.2 1567.4 1567.6 1567.8 1568.  1568.2 1568.4 1568.6 1568.8
 1569.  1569.2 1569.4 1569.6 1569.8 1570.  1570.2 1570.4 1570.6 1570.8
 1571.  1571.2 1571.4 1571.6 1571.8 1572.  1572.2 1572.4 1572.6 1572.8
 1573.  1573.2 1573.4 1573.6 1573.8 1574.  1574.2 1574.4 1574.6 1574.8
 1575.  1575.2 1575.4 1575.6 1575.8 1576.  1576.2 1576.4 1576.6 1576.8
 1577.  1577.2 1577.4 1577.6 1577.8 1578.  1578.2 1578.4 1578.6 1578.8
 1579.  1579.2 1579.4 1579.6 1579.8 1580.  1580.2 1580.4 1580.6 1580.8
 1581.  1581.2 1581.4 1581.6 1581.8 1582.  1582.2 1582.4 1582.6 1582.8
 1583.  1583.2 1583.4 1583.6 1583.8 1584.  1584.2 1584.4 1584.6 1584.8
 1585.  1585.2 1585.4 1585.6 1585.8 1586.  1586.2 1586.4 1586.6 1586.8
 1587.  1587.2 1587.4 1587.6 1587.8 1588.  1588.2 1588.4 1588.6 1588.8
 1589.  1589.2 1589.4 1589.6 1589.8 1590.  1590.2 1590.4 1590.6 1590.8
 1591.  1591.2 1591.4 1591.6 1591.8 1592.  1592.2 1592.4 1592.6 1592.8
 1593.  1593.2 1593.4 1593.6 1593.8 1594.  1594.2 1594.4 1594.6 1594.8
 1595.  1595.2 1595.4 1595.6 1595.8 1596.  1596.2 1596.4 1596.6 1596.8
 1597.  1597.2 1597.4 1597.6 1597.8 1598.  1598.2 1598.4 1598.6 1598.8
 1599.  1599.2 1599.4 1599.6 1599.8 1600.  1600.2 1600.4 1600.6 1600.8
 1601.  1601.2 1601.4 1601.6 1601.8 1602.  1602.2 1602.4 1602.6 1602.8
 1603.  1603.2 1603.4 1603.6 1603.8 1604.  1604.2 1604.4 1604.6 1604.8
 1605.  1605.2 1605.4 1605.6 1605.8 1606.  1606.2 1606.4 1606.6 1606.8
 1607.  1607.2 1607.4 1607.6 1607.8 1608.  1608.2 1608.4 1608.6 1608.8
 1609.  1609.2 1609.4 1609.6 1609.8 1610.  1610.2 1610.4 1610.6 1610.8
 1611.  1611.2 1611.4 1611.6 1611.8 1612.  1612.2 1612.4 1612.6 1612.8
 1613.  1613.2 1613.4 1613.6 1613.8 1614.  1614.2 1614.4 1614.6 1614.8
 1615. ]|,|[0.000e+00 0.000e+00 0.000e+00 0.000e+00 0.000e+00 8.299e-08 0.000e+00
 0.000e+00 0.000e+00 0.000e+00 0.000e+00 0.000e+00 0.000e+00 1.750e-07
 0.000e+00 0.000e+00 0.000e+00 0.000e+00 5.268e-10 1.896e-08 0.000e+00
 0.000e+00 0.000e+00 0.000e+00 0.000e+00 3.626e-08 0.000e+00 0.000e+00
 1.958e-07 1.951e-07 0.000e+00 1.878e-07 0.000e+00 0.000e+00 2.043e-07
 2.423e-07 0.000e+00 1.156e-08 0.000e+00 9.563e-08 0.000e+00 1.774e-07
 8.507e-08 0.000e+00 1.033e-07 0.000e+00 0.000e+00 0.000e+00 1.401e-07
 6.818e-08 1.772e-08 2.256e-07 0.000e+00 0.000e+00 1.383e-07 3.208e-08
 1.996e-07 0.000e+00 8.956e-08 0.000e+00 6.501e-08 5.471e-08 0.000e+00
 3.166e-09 1.207e-07 1.095e-07 0.000e+00 5.067e-08 0.000e+00 1.962e-08
 0.000e+00 2.384e-07 0.000e+00 3.418e-08 2.172e-07 0.000e+00 1.112e-08
 0.000e+00 6.582e-08 0.000e+00 5.133e-08 0.000e+00 3.665e-07 0.000e+00
 0.000e+00 0.000e+00 0.000e+00 0.000e+00 0.000e+00 0.000e+00 2.354e-07
 1.524e-07 2.117e-07 1.002e-07 1.100e-07 8.653e-08 0.000e+00 7.086e-08
 3.767e-08 2.331e-07 0.000e+00 0.000e+00 1.410e-07 1.242e-07 0.000e+00
 0.000e+00 6.881e-08 5.198e-08 0.000e+00 0.000e+00 1.126e-08 4.198e-09
 7.902e-09 1.929e-07 5.852e-08 0.000e+00 0.000e+00 0.000e+00 0.000e+00
 0.000e+00 1.028e-07 0.000e+00 1.801e-07 5.716e-08 5.026e-08 4.250e-08
 1.029e-07 0.000e+00 2.113e-07 0.000e+00 1.127e-07 9.205e-08 8.959e-08
 1.346e-07 2.377e-07 0.000e+00 6.993e-08 0.000e+00 6.182e-08 6.071e-08
 0.000e+00 0.000e+00 1.341e-07 0.000e+00 0.000e+00 1.427e-07 0.000e+00
 7.785e-08 9.116e-09 8.906e-08 2.069e-08 0.000e+00 0.000e+00 9.867e-08
 0.000e+00 1.696e-07 0.000e+00 8.524e-08 2.854e-07 0.000e+00 3.954e-08
 0.000e+00 0.000e+00 1.305e-07 5.112e-08 0.000e+00 1.697e-07 7.810e-08
 0.000e+00 1.955e-07 0.000e+00 0.000e+00 0.000e+00 0.000e+00 0.000e+00
 9.485e-09 6.640e-08 1.422e-07 0.000e+00 0.000e+00 1.747e-07 8.174e-08
 1.206e-07 0.000e+00 1.103e-07 0.000e+00 1.861e-07 0.000e+00 2.184e-07
 1.535e-07 1.310e-07 2.247e-08 0.000e+00 1.379e-07 0.000e+00 2.226e-07
 0.000e+00 0.000e+00 0.000e+00 1.051e-07 6.655e-08 1.638e-07 3.507e-08
 0.000e+00 0.000e+00 0.000e+00 2.003e-07 6.346e-08 8.161e-08 0.000e+00
 6.853e-08 0.000e+00 0.000e+00 7.927e-08 2.061e-07 0.000e+00 2.853e-07
 8.502e-08 1.585e-07 1.337e-07 0.000e+00 1.209e-07 4.678e-08 0.000e+00
 0.000e+00 0.000e+00 0.000e+00 0.000e+00 1.713e-07 0.000e+00 0.000e+00
 1.546e-07 0.000e+00 0.000e+00 8.452e-08 0.000e+00 0.000e+00 0.000e+00
 0.000e+00 4.356e-08 4.616e-08 6.064e-08 1.658e-08 0.000e+00 0.000e+00
 0.000e+00 0.000e+00 6.423e-08 8.168e-08 2.463e-08 1.892e-07 0.000e+00
 1.694e-07 1.678e-07 0.000e+00 0.000e+00 0.000e+00 5.334e-08 5.817e-08
 0.000e+00 0.000e+00 0.000e+00 0.000e+00 0.000e+00 8.187e-09 8.509e-08
 6.202e-10 1.782e-07 0.000e+00 1.340e-08 0.000e+00 0.000e+00 0.000e+00
 6.586e-08 2.553e-07 1.861e-09 4.552e-08 1.095e-07 0.000e+00 1.384e-07
 0.000e+00 0.000e+00 5.583e-08 0.000e+00 6.231e-10 8.224e-09 0.000e+00
 1.351e-07 0.000e+00 1.195e-07 1.267e-07 0.000e+00 3.343e-07 0.000e+00
 0.000e+00 0.000e+00 1.350e-07 0.000e+00 1.240e-07 0.000e+00 1.383e-07
 1.394e-07 0.000e+00 0.000e+00 4.302e-08 0.000e+00 6.748e-08 0.000e+00
 0.000e+00 0.000e+00 0.000e+00 0.000e+00 0.000e+00 0.000e+00 2.327e-08
 1.405e-07 6.487e-08 0.000e+00 0.000e+00 0.000e+00 0.000e+00 0.000e+00
 0.000e+00 1.734e-07 1.974e-07 0.000e+00 0.000e+00 0.000e+00 1.494e-07
 0.000e+00 0.000e+00 0.000e+00 9.442e-08 1.814e-07 5.557e-08 0.000e+00
 0.000e+00 1.488e-08 0.000e+00 1.051e-07 4.862e-08 2.211e-07 4.245e-08
 1.213e-08 9.281e-09 8.898e-08 1.780e-07 1.192e-07 1.340e-07 0.000e+00
 1.497e-07 0.000e+00 0.000e+00 0.000e+00 2.778e-08 0.000e+00 9.563e-08
 1.268e-07 1.794e-07 0.000e+00 0.000e+00 0.000e+00 1.421e-07 0.000e+00
 0.000e+00 0.000e+00 0.000e+00 4.915e-08 0.000e+00 6.295e-08 0.000e+00
 8.972e-09 0.000e+00 1.012e-07 3.912e-08 0.000e+00 0.000e+00 0.000e+00
 0.000e+00 0.000e+00 4.270e-08 0.000e+00 5.383e-08 1.612e-07 9.074e-09
 0.000e+00 1.708e-08 0.000e+00 0.000e+00 3.281e-08 0.000e+00 0.000e+00
 6.057e-08 1.086e-07 3.197e-07 1.329e-07 0.000e+00 7.063e-08 1.851e-06
 5.726e-05 5.803e-05 5.711e-05 2.934e-06 1.109e-07 1.625e-07 1.988e-07
 0.000e+00 0.000e+00 5.967e-09 6.953e-08 8.792e-08 0.000e+00 0.000e+00
 6.719e-08 0.000e+00 9.720e-09 0.000e+00 2.009e-08 0.000e+00 0.000e+00
 1.883e-08 4.946e-08 7.515e-09 0.000e+00 0.000e+00 2.439e-07 0.000e+00
 2.342e-07 0.000e+00 1.114e-07 0.000e+00 3.728e-08 2.576e-07 0.000e+00
 1.215e-07 0.000e+00 6.089e-08 0.000e+00 7.927e-08 5.801e-08 2.103e-07
 2.294e-08 0.000e+00 3.008e-08 2.110e-07 1.994e-07 0.000e+00 0.000e+00
 0.000e+00 0.000e+00 2.869e-09 1.309e-07 0.000e+00 0.000e+00 0.000e+00
 1.248e-07 0.000e+00 0.000e+00 0.000e+00 8.859e-08 2.436e-07 1.678e-07
 0.000e+00 3.303e-07 0.000e+00 6.429e-08 9.900e-08 2.010e-07 5.260e-08
 0.000e+00 2.450e-07 3.957e-08 0.000e+00 0.000e+00 0.000e+00 3.688e-07
 4.449e-08 1.189e-07 0.000e+00 8.152e-08 3.392e-08 0.000e+00 8.430e-08
 0.000e+00 0.000e+00 4.381e-08 0.000e+00 1.375e-07 0.000e+00 0.000e+00
 8.884e-09 0.000e+00 3.175e-08 0.000e+00 2.678e-07 0.000e+00 1.300e-08
 0.000e+00 0.000e+00 4.893e-08 0.000e+00 0.000e+00 0.000e+00 0.000e+00
 8.994e-08 0.000e+00 1.050e-07 0.000e+00 1.252e-07 1.019e-07 0.000e+00
 2.133e-07 0.000e+00 1.501e-08 2.919e-08 0.000e+00 1.038e-08 1.792e-08
 0.000e+00 1.670e-07 1.124e-07 0.000e+00 0.000e+00 1.009e-07 0.000e+00
 0.000e+00 0.000e+00 0.000e+00 0.000e+00 6.223e-08 1.620e-07 1.321e-08
 0.000e+00 0.000e+00 0.000e+00 1.730e-07 0.000e+00 4.198e-08 1.855e-07
 0.000e+00 0.000e+00 0.000e+00 0.000e+00 3.271e-07 0.000e+00 6.355e-08
 3.019e-08 1.374e-07 0.000e+00 0.000e+00 0.000e+00 0.000e+00 1.846e-07
 9.294e-09 0.000e+00 6.847e-08 8.333e-08 1.221e-08 5.528e-08 0.000e+00
 0.000e+00 2.394e-07 0.000e+00 1.115e-08 1.655e-08 0.000e+00 5.776e-08
 0.000e+00 0.000e+00 0.000e+00 6.670e-08 0.000e+00 1.208e-07 0.000e+00
 2.112e-07 4.023e-08 0.000e+00 8.803e-09 5.621e-09 0.000e+00 2.224e-07
 3.466e-07 0.000e+00 0.000e+00 9.323e-08 0.000e+00 0.000e+00 1.750e-07
 9.043e-08 0.000e+00 0.000e+00 0.000e+00 5.678e-08 7.559e-08 2.418e-08
 0.000e+00 0.000e+00 1.998e-07 2.716e-08 8.276e-09 2.554e-07 0.000e+00
 3.392e-08 0.000e+00 7.087e-08 2.075e-07 1.535e-07 5.000e-08 0.000e+00
 2.437e-07 0.000e+00 5.280e-08 2.110e-08 6.248e-08 0.000e+00 1.696e-07
 0.000e+00 0.000e+00 0.000e+00 0.000e+00 0.000e+00 0.000e+00 1.715e-07
 3.663e-08 1.397e-07 0.000e+00 1.197e-07 7.210e-09 8.129e-08 1.035e-07
 0.000e+00 3.613e-09 0.000e+00 5.548e-08 1.859e-07 0.000e+00 0.000e+00
 0.000e+00 2.506e-07 0.000e+00 0.000e+00 9.346e-09 4.907e-09 1.390e-08
 0.000e+00 0.000e+00 4.266e-08 0.000e+00 3.019e-08 1.445e-08 1.533e-07
 4.501e-08 5.943e-08 0.000e+00 1.494e-07 4.594e-08 0.000e+00 2.533e-07
 1.091e-07 6.772e-08 1.947e-08 2.009e-08 7.828e-08 0.000e+00 1.004e-07
 0.000e+00 0.000e+00 0.000e+00 0.000e+00 0.000e+00 6.877e-08 0.000e+00
 0.000e+00 1.129e-07 1.979e-07 1.022e-07 0.000e+00 8.115e-08 4.673e-08
 1.414e-07 0.000e+00 0.000e+00 5.257e-08 0.000e+00 7.017e-08 1.814e-07
 1.249e-07 0.000e+00 4.288e-08 0.000e+00 1.188e-07 3.972e-09 1.511e-07
 4.848e-08 1.133e-07 0.000e+00 1.609e-07 1.684e-07 0.000e+00 1.054e-07
 4.802e-08 0.000e+00 2.979e-08 0.000e+00 1.530e-08 0.000e+00 0.000e+00
 0.000e+00 1.078e-07 2.112e-07 0.000e+00 1.643e-08 1.039e-07 0.000e+00
 0.000e+00 1.354e-07 0.000e+00 0.000e+00 3.638e-08 8.028e-08 3.110e-08
 3.525e-08 0.000e+00 0.000e+00 0.000e+00 2.319e-08 6.440e-08 0.000e+00
 0.000e+00 6.023e-08 1.236e-07 9.327e-08 8.843e-09 3.325e-08 0.000e+00
 9.987e-08 0.000e+00 0.000e+00 3.761e-08 9.350e-08 8.148e-08 5.791e-08
 2.391e-07 4.727e-08 1.135e-08 0.000e+00 0.000e+00 8.214e-08 8.970e-08
 4.731e-07 0.000e+00 8.624e-08 0.000e+00 7.522e-08 1.695e-07 5.792e-08
 3.238e-08 0.000e+00 4.976e-08 0.000e+00 0.000e+00 1.745e-07 1.318e-08
 1.203e-07 0.000e+00 1.933e-07 1.079e-07 0.000e+00 3.582e-08 1.202e-08
 3.725e-08 3.113e-08 0.000e+00 0.000e+00 0.000e+00 6.608e-08 5.105e-08
 0.000e+00 0.000e+00 0.000e+00 0.000e+00 0.000e+00 8.340e-08 8.424e-08
 0.000e+00 0.000e+00 0.000e+00 0.000e+00 1.600e-07 0.000e+00 2.973e-07
 2.755e-07 0.000e+00 0.000e+00 2.646e-07 3.139e-08 1.722e-07 0.000e+00
 1.178e-07 0.000e+00 0.000e+00]|
